KEY,AggLoadID,AggTotalRev,AggLdCost,AggLdMiles,AggOrgZip,AggDstZip,MARGIN_RANK,MustTakeFlag
SCHREIBER FOODS INC_84321_64836,237607,3091,2268,1224,84321,64836,1,
SCHREIBER FOODS INC_84321_64836,238998,3091,2268,1224,84321,64836,2,
SCHREIBER FOODS INC_84321_64836,238791,3091,2268,1224,84321,64836,3,
SCHREIBER FOODS INC_84321_64836,237616,3091,2268,1224,84321,64836,4,
SCHREIBER FOODS INC_84321_64836,239289,3091,2268,1224,84321,64836,5,
SCHREIBER FOODS INC_84321_64836,237604,3091,2268,1224,84321,64836,6,
SCHREIBER FOODS INC_84321_64836,237614,3091,2268,1224,84321,64836,7,
SCHREIBER FOODS INC_84321_64836,237605,3091,2268,1224,84321,64836,8,
SCHREIBER FOODS INC_84321_64836,239240,3091,2268,1224,84321,64836,9,
SCHREIBER FOODS INC_84321_64836,238790,3091,2268,1224,84321,64836,10,
SCHREIBER FOODS INC_84321_64836,237802,3091,2268,1224,84321,64836,11,
SCHREIBER FOODS INC_84321_64836,237602,3091,2268,1224,84321,64836,12,
SCHREIBER FOODS INC_84321_64836,237606,3091,2268,1224,84321,64836,13,
SCHREIBER FOODS INC_84321_64836,237608,3091,2268,1224,84321,64836,14,
SCHREIBER FOODS INC_84321_64836,238550,3091,2268,1224,84321,64836,15,
SCHREIBER FOODS INC_84321_64836,237612,3091,2268,1224,84321,64836,16,
SCHREIBER FOODS INC_84321_64836,239239,3091,2268,1224,84321,64836,17,
SCHREIBER FOODS INC_84321_64836,237610,3091,2268,1224,84321,64836,18,
SCHREIBER FOODS INC_84321_64836,238551,3091,2268,1224,84321,64836,19,
SCHREIBER FOODS INC_84321_64836,239315,3091,2268,1224,84321,64836,20,
SCHREIBER FOODS INC_84321_64836,237603,3091,2268,1224,84321,64836,21,
SCHREIBER FOODS INC_84321_64836,238950,3091,2268,1224,84321,64836,22,
SCHREIBER FOODS INC_84321_64836,238220,3091,2268,1224,84321,64836,23,
SCHREIBER FOODS INC_84321_64836,237611,3091,2268,1224,84321,64836,24,
SCHREIBER FOODS INC_84321_64836,239287,3091,2268,1224,84321,64836,25,
SCHREIBER FOODS INC_84321_64836,237619,3091,2268,1224,84321,64836,26,
SCHREIBER FOODS INC_84321_54115,237467,3574,2788,1488,84321,54115,1,
SCHREIBER FOODS INC_84321_54115,237466,3574,2788,1488,84321,54115,2,
SCHREIBER FOODS INC_84321_54115,237469,3574,2788,1488,84321,54115,3,
SCHREIBER FOODS INC_84321_54115,237957,3574,2788,1488,84321,54115,4,
SCHREIBER FOODS INC_84321_92821,238275,2093,1473,758,84321,92821,1,
SCHREIBER FOODS INC_84321_92821,237932,2093,1473,758,84321,92821,2,
SCHREIBER FOODS INC_84321_92821,239128,2093,1473,758,84321,92821,3,
SCHREIBER FOODS INC_84321_76401,238854,3498,2390,1279,84321,76401,1,
SCHREIBER FOODS INC_84321_76401,239449,3498,2390,1279,84321,76401,2,
SCHREIBER FOODS INC_84321_85043,238933,1914,1421,750,84321,85043,1,
SCHREIBER FOODS INC_84321_85043,237933,1914,1421,750,84321,85043,2,
SCHREIBER FOODS INC_84321_85353,239131,1935,1425,752,84321,85353,1,
SCHREIBER FOODS INC_84321_85353,238834,1935,1425,752,84321,85353,2,
SCHREIBER FOODS INC_64836_84321,237592,3322,2245,1219,64836,84321,1,
SCHREIBER FOODS INC_64836_84321,237577,3322,2245,1219,64836,84321,2,
SCHREIBER FOODS INC_64836_84321,239622,3322,2245,1219,64836,84321,3,
SCHREIBER FOODS INC_64836_84321,237576,3322,2245,1219,64836,84321,4,
SCHREIBER FOODS INC_64836_84321,237583,3322,2245,1219,64836,84321,5,
SCHREIBER FOODS INC_64836_84321,237578,3322,2245,1219,64836,84321,6,
SCHREIBER FOODS INC_64836_84321,237571,3322,2245,1219,64836,84321,7,
SCHREIBER FOODS INC_64836_84321,237574,3322,2245,1219,64836,84321,8,
SCHREIBER FOODS INC_64836_84321,237570,3322,2245,1219,64836,84321,9,
SCHREIBER FOODS INC_64836_84321,237587,3322,2245,1219,64836,84321,10,
SCHREIBER FOODS INC_64836_84321,237582,3322,2245,1219,64836,84321,11,
SCHREIBER FOODS INC_64836_84321,239258,3322,2245,1219,64836,84321,12,
SCHREIBER FOODS INC_64836_84321,239257,3322,2245,1219,64836,84321,13,
SCHREIBER FOODS INC_64836_84321,237589,3322,2245,1219,64836,84321,14,
SCHREIBER FOODS INC_64836_84321,237584,3322,2245,1219,64836,84321,15,
SCHREIBER FOODS INC_64836_84321,237586,3322,2245,1219,64836,84321,16,
SCHREIBER FOODS INC_64836_84321,237573,3322,2245,1219,64836,84321,17,
SCHREIBER FOODS INC_64836_84321,237588,3322,2245,1219,64836,84321,18,
SCHREIBER FOODS INC_64836_84321,237575,3322,2245,1219,64836,84321,19,
SCHREIBER FOODS INC_64836_84321,237585,3322,2245,1219,64836,84321,20,
SCHREIBER FOODS INC_64836_84321,237580,3322,2245,1219,64836,84321,21,
SCHREIBER FOODS INC_64836_84321,237569,3322,2245,1219,64836,84321,22,
SCHREIBER FOODS INC_64836_84321,237590,3322,2245,1219,64836,84321,23,
SCHREIBER FOODS INC_64836_84321,238214,3322,2245,1219,64836,84321,24,
SCHREIBER FOODS INC_64836_84321,239260,3322,2245,1219,64836,84321,25,
SCHREIBER FOODS INC_85282_64836,239120,3172,2313,1255,85282,64836,1,
SCHREIBER FOODS INC_85282_64836,238647,3172,2313,1255,85282,64836,2,
SCHREIBER FOODS INC_85282_64836,239121,3172,2313,1255,85282,64836,3,
SCHREIBER FOODS INC_85282_64836,237931,3172,2313,1255,85282,64836,4,
SCHREIBER FOODS INC_85282_64836,238648,3172,2313,1255,85282,64836,5,
SCHREIBER FOODS INC_85282_64836,239119,3172,2313,1255,85282,64836,6,
SCHREIBER FOODS INC_85282_64836,237930,3172,2313,1255,85282,64836,7,
SCHREIBER FOODS INC_85282_64836,237929,3172,2313,1255,85282,64836,8,
SCHREIBER FOODS INC_85282_64836,239118,3172,2313,1255,85282,64836,9,
SCHREIBER FOODS INC_85282_64836,238649,3172,2313,1255,85282,64836,10,
SCHREIBER FOODS INC_85282_84321,238271,2217,1405,760,85282,84321,1,
SCHREIBER FOODS INC_85282_84321,237926,2217,1405,760,85282,84321,2,
SCHREIBER FOODS INC_85282_84321,238642,2217,1405,760,85282,84321,3,
SCHREIBER FOODS INC_85282_84321,238641,2217,1405,760,85282,84321,4,
SCHREIBER FOODS INC_85282_84321,237927,2217,1405,760,85282,84321,5,
SCHREIBER FOODS INC_85282_65708,238274,3256,2295,1261,85282,65708,1,
SCHREIBER FOODS INC_85282_65708,238273,3256,2295,1261,85282,65708,2,
SCHREIBER FOODS INC_85282_64850,238272,3146,2282,1233,85282,64850,1,
SCHREIBER FOODS INC_83338_64836,238650,3752,2609,1424,83338,64836,1,
SCHREIBER FOODS INC_83338_64836,238654,3752,2609,1424,83338,64836,2,
SCHREIBER FOODS INC_83338_64836,238672,3752,2609,1424,83338,64836,3,
SCHREIBER FOODS INC_83338_64836,238673,3752,2609,1424,83338,64836,4,
SCHREIBER FOODS INC_83338_64836,238671,3752,2609,1424,83338,64836,5,
SCHREIBER FOODS INC_83338_64836,238652,3752,2609,1424,83338,64836,6,
SCHREIBER FOODS INC_83338_64836,238651,3752,2609,1424,83338,64836,7,
SCHREIBER FOODS INC_83338_64836,238670,3752,2609,1424,83338,64836,8,
SCHREIBER FOODS INC_84319_64836,237643,3066,2269,1229,84319,64836,1,
SCHREIBER FOODS INC_84319_64836,238350,3066,2269,1229,84319,64836,2,
RESER'S FINE FOODS_97124_85353,238994,3063,2503,1337,97124,85353,1,
RESER'S FINE FOODS_97124_85353,238225,3063,2503,1337,97124,85353,2,
RESER'S FINE FOODS_97124_85353,238961,3063,2503,1337,97124,85353,3,
RESER'S FINE FOODS_97124_85353,238756,3063,2503,1337,97124,85353,4,
RESER'S FINE FOODS_97124_85353,238194,3063,2503,1337,97124,85353,5,
RESER'S FINE FOODS_97124_85353,238534,3063,2503,1337,97124,85353,6,
RESER'S FINE FOODS_97124_85353,237995,3063,2503,1337,97124,85353,7,
RESER'S FINE FOODS_97124_85353,237852,3063,2503,1337,97124,85353,8,
RESER'S FINE FOODS_97124_85353,238718,3063,2503,1337,97124,85353,9,
RESER'S FINE FOODS_97124_85353,237994,3063,2503,1337,97124,85353,10,
RESER'S FINE FOODS_97124_85353,238984,3063,2503,1337,97124,85353,11,
RESER'S FINE FOODS_97124_85043,238224,3166,2507,1336,97124,85043,1,
RESER'S FINE FOODS_97124_85043,238754,3166,2507,1336,97124,85043,2,
RESER'S FINE FOODS_97124_85043,239111,3166,2507,1336,97124,85043,3,
RESER'S FINE FOODS_97124_85043,238080,3166,2507,1336,97124,85043,4,
RESER'S FINE FOODS_97124_85043,239442,3166,2507,1336,97124,85043,5,
RESER'S FINE FOODS_97124_85043,238583,3166,2507,1336,97124,85043,6,
RESER'S FINE FOODS_97124_85043,238922,3166,2507,1336,97124,85043,7,
RESER'S FINE FOODS_97124_85226,238962,3222,2565,1363,97124,85226,1,
RESER'S FINE FOODS_97124_85226,238995,3222,2565,1363,97124,85226,2,
RESER'S FINE FOODS_97124_85226,238750,3222,2565,1363,97124,85226,3,
RESER'S FINE FOODS_97124_85226,238631,3222,2565,1363,97124,85226,4,
RESER'S FINE FOODS_97124_85226,239438,3222,2565,1363,97124,85226,5,
RESER'S FINE FOODS_97124_85226,238079,3222,2565,1363,97124,85226,6,
RESER'S FINE FOODS_97124_85122,239197,3192,2617,1399,97124,85122,1,
RESER'S FINE FOODS_97124_85122,237997,3192,2617,1399,97124,85122,2,
RESER'S FINE FOODS_97124_85122,238460,3192,2617,1399,97124,85122,3,
RESER'S FINE FOODS_97124_85122,238461,3192,2617,1399,97124,85122,4,
RESER'S FINE FOODS_97124_85122,237912,3192,2617,1399,97124,85122,5,
RESER'S FINE FOODS_97124_85009,238584,3198,2547,1356,97124,85009,1,
RESER'S FINE FOODS_97124_85009,238078,3198,2547,1356,97124,85009,2,
RESER'S FINE FOODS_97124_85009,239439,3198,2547,1356,97124,85009,3,
RESER'S FINE FOODS_97124_85009,238930,3198,2547,1356,97124,85009,4,
RESER'S FINE FOODS_97124_84054,238706,2192,1506,782,97124,84054,1,
RESER'S FINE FOODS_97124_84054,239283,2192,1506,782,97124,84054,2,
RESER'S FINE FOODS_97124_84054,238372,2192,1506,782,97124,84054,3,
RESER'S FINE FOODS_97124_84040,238437,2294,1530,780,97124,84040,1,
RESER'S FINE FOODS_97124_84040,238694,2294,1530,780,97124,84040,2,
RESER'S FINE FOODS_97124_84040,239297,2294,1530,780,97124,84040,3,
RESER'S FINE FOODS_97124_92821,239392,1918,1952,1008,97124,92821,1,
RESER'S FINE FOODS_97124_92821,238549,1918,1952,1008,97124,92821,2,
RESER'S FINE FOODS_97124_84307,239398,2047,1359,725,97124,84307,1,
RESER'S FINE FOODS_97124_84116,238071,2503,1520,793,97124,84116,1,
RESER'S FINE FOODS_97124_84201,238435,2377,1597,810,97124,84201,1,
RESER'S FINE FOODS_97124_90220,238542,1886,1819,992,97124,90220,1,
RESER'S FINE FOODS_99301_91752,239426,2369,2034,1072,99301,91752,1,
RESER'S FINE FOODS_99301_91752,238733,2369,2034,1072,99301,91752,2,
RESER'S FINE FOODS_99301_91752,238535,2369,2034,1072,99301,91752,3,
RESER'S FINE FOODS_99301_84101,237540,1887,1322,638,99301,84101,1,
RESER'S FINE FOODS_97301_84116,239033,2225,1552,810,97301,84116,1,
RESER'S FINE FOODS_97301_84116,238210,2225,1552,810,97301,84116,2,
RESER'S FINE FOODS_97301_66607,238051,4252,3337,1818,97301,66607,1,
RESER'S FINE FOODS_90640_97301,238755,2880,1762,938,90640,97301,1,
RESER'S FINE FOODS_90640_97301,239125,2880,1762,938,90640,97301,2,
RESER'S FINE FOODS_66607_92555,238809,3618,2819,1526,66607,92555,1,
RESER'S FINE FOODS_66607_85353,238843,2859,2377,1213,66607,85353,1,
RESER'S FINE FOODS_90620_97124,238288,3078,1863,996,90620,97124,1,
RESER'S FINE FOODS_90620_97124,238758,3078,1863,996,90620,97124,2,
RESER'S FINE FOODS_98001_97124,238760,630,334,173,98001,97124,1,
RESER'S FINE FOODS_98001_66601,238297,4210,3305,1826,98001,66601,1,
RESER'S FINE FOODS_83338_66601,239569,3389,2279,1229,83338,66601,1,
RESER'S FINE FOODS_91752_97124,238293,3139,1898,1016,91752,97124,1,
"TYSON FOODS, INC._84005_85122",239460,1923,1350,706,84005,85122,1,
"TYSON FOODS, INC._84005_85122",239624,1923,1350,706,84005,85122,2,
"TYSON FOODS, INC._84005_85122",238665,1923,1350,706,84005,85122,3,
"TYSON FOODS, INC._84005_85122",239313,1923,1350,706,84005,85122,4,
"TYSON FOODS, INC._84005_85122",238732,1923,1350,706,84005,85122,5,
"TYSON FOODS, INC._84005_85122",239132,1923,1350,706,84005,85122,6,
"TYSON FOODS, INC._84005_85122",239101,1923,1350,706,84005,85122,7,
"TYSON FOODS, INC._84005_85122",238411,1923,1350,706,84005,85122,8,
"TYSON FOODS, INC._84005_85122",238019,1923,1350,706,84005,85122,9,
"TYSON FOODS, INC._84005_85122",239419,1923,1350,706,84005,85122,10,
"TYSON FOODS, INC._84005_85122",238380,1923,1350,706,84005,85122,11,
"TYSON FOODS, INC._84005_85122",239601,1923,1350,706,84005,85122,12,
"TYSON FOODS, INC._84005_85122",238378,1923,1350,706,84005,85122,13,
"TYSON FOODS, INC._84005_85122",239196,1923,1350,706,84005,85122,14,
"TYSON FOODS, INC._84005_85122",238262,1923,1350,706,84005,85122,15,
"TYSON FOODS, INC._84005_85122",238782,1923,1350,706,84005,85122,16,
"TYSON FOODS, INC._84005_85122",238055,1923,1350,706,84005,85122,17,
"TYSON FOODS, INC._84005_85122",238768,1923,1350,706,84005,85122,18,
"TYSON FOODS, INC._84005_85122",238056,1923,1350,706,84005,85122,19,
"TYSON FOODS, INC._84005_85122",238769,1923,1350,706,84005,85122,20,
"TYSON FOODS, INC._66051_83716",239143,3283,2610,1392,66051,83716,1,
"TYSON FOODS, INC._66051_83716",238049,3283,2610,1392,66051,83716,2,
"TYSON FOODS, INC._66051_83716",237783,3283,2610,1392,66051,83716,3,
"TYSON FOODS, INC._66051_83716",239314,3283,2610,1392,66051,83716,4,
"TYSON FOODS, INC._66051_97838",238905,3870,2992,1653,66051,97838,1,
"TYSON FOODS, INC._66051_97838",238057,3870,2992,1653,66051,97838,2,
"TYSON FOODS, INC._66051_83705",239368,3342,2552,1419,66051,83705,1,
"TYSON FOODS, INC._66051_83705",238912,3342,2552,1419,66051,83705,2,
"TYSON FOODS, INC._66051_98930",239142,3980,3046,1711,66051,98930,1,
"TYSON FOODS, INC._66051_84119",237946,4118,3213,1791,66051,84119,1,
"TYSON FOODS, INC._66051_72701",238059,1027,546,253,66051,72701,1,
"TYSON FOODS, INC._66051_72764",238906,881,524,240,66051,72764,1,
"TYSON FOODS, INC._66051_84307",238061,2844,2027,1110,66051,84307,1,
"TYSON FOODS, INC._99363_83676",238618,1015,555,249,99363,83676,1,
"TYSON FOODS, INC._99363_83676",239321,1015,555,249,99363,83676,2,
"TYSON FOODS, INC._99363_84404",238731,1663,1177,577,99363,84404,1,
"TYSON FOODS, INC._99363_84404",239523,1663,1177,577,99363,84404,2,
"TYSON FOODS, INC._99363_68102",238811,3498,2706,1506,99363,68102,1,
"TYSON FOODS, INC._99363_91752",238680,2672,1954,1058,99363,91752,1,
"TYSON FOODS, INC._99363_85621",238918,3651,2539,1454,99363,85621,1,
"TYSON FOODS, INC._72830_85353",238674,2769,2180,1251,72830,85353,1,
"TYSON FOODS, INC._72830_85353",238734,2769,2180,1251,72830,85353,2,
"TYSON FOODS, INC._72830_85353",238566,2769,2180,1251,72830,85353,3,
"TYSON FOODS, INC._72830_85353",239521,2769,2180,1251,72830,85353,4,
"TYSON FOODS, INC._72830_84041",239396,3405,2467,1401,72830,84041,1,
"TYSON FOODS, INC._72958_83716",239575,3876,3013,1675,72958,83716,1,
"TYSON FOODS, INC._72958_83716",238557,3876,3013,1675,72958,83716,2,
"TYSON FOODS, INC._72958_83716",237778,3876,3013,1675,72958,83716,3,
"TYSON FOODS, INC._72958_83716",239032,3876,3013,1675,72958,83716,4,
"TYSON FOODS, INC._72958_85353",237779,2861,2176,1240,72958,85353,1,
"TYSON FOODS, INC._72756_85043",239085,2778,2230,1236,72756,85043,1,
"TYSON FOODS, INC._72756_85043",238444,2778,2230,1236,72756,85043,2,
"TYSON FOODS, INC._72756_85043",238043,2778,2230,1236,72756,85043,3,
"TYSON FOODS, INC._72756_85043",239519,2778,2230,1236,72756,85043,4,
"TYSON FOODS, INC._72801_80019",238915,2661,1636,882,72801,80019,1,
"TYSON FOODS, INC._76117_85335",239576,2031,1837,1066,76117,85335,1,
"TYSON FOODS, INC._72802_80019",237784,2650,1614,880,72802,80019,1,
KROGER COMPANY_84075_85353,239545,1663,1284,697,84075,85353,1,
KROGER COMPANY_84075_85353,238232,1663,1284,697,84075,85353,2,
KROGER COMPANY_84075_85353,238228,1663,1284,697,84075,85353,3,
KROGER COMPANY_84075_85353,239024,1663,1284,697,84075,85353,4,
KROGER COMPANY_84075_85353,238610,1663,1284,697,84075,85353,5,
KROGER COMPANY_84075_85353,238719,1663,1284,697,84075,85353,6,
KROGER COMPANY_84075_85353,239025,1663,1284,697,84075,85353,7,
KROGER COMPANY_84075_85353,239026,1663,1284,697,84075,85353,8,
KROGER COMPANY_84075_85353,239018,1663,1284,697,84075,85353,9,
KROGER COMPANY_84075_85353,238712,1663,1284,697,84075,85353,10,
KROGER COMPANY_84075_85353,239526,1663,1284,697,84075,85353,11,
KROGER COMPANY_84075_85353,238615,1663,1284,697,84075,85353,12,
KROGER COMPANY_84075_85353,239017,1663,1284,697,84075,85353,13,
KROGER COMPANY_84075_85353,239431,1663,1284,697,84075,85353,14,
KROGER COMPANY_84075_85353,238119,1663,1284,697,84075,85353,15,
KROGER COMPANY_84075_85353,238226,1663,1284,697,84075,85353,16,
KROGER COMPANY_84075_85353,238120,1663,1284,697,84075,85353,17,
KROGER COMPANY_84075_85353,238118,1663,1284,697,84075,85353,18,
KROGER COMPANY_84075_85353,238117,1663,1284,697,84075,85353,19,
KROGER COMPANY_84075_85353,239541,1663,1284,697,84075,85353,20,
KROGER COMPANY_84075_85353,239546,1663,1284,697,84075,85353,21,
KROGER COMPANY_84075_85353,239547,1663,1284,697,84075,85353,22,
KROGER COMPANY_84075_85353,239649,1663,1284,697,84075,85353,23,
KROGER COMPANY_84075_85353,239648,1663,1284,697,84075,85353,24,
KROGER COMPANY_84075_85353,239650,1663,1284,697,84075,85353,25,
KROGER COMPANY_84075_85353,238376,1663,1284,697,84075,85353,26,
KROGER COMPANY_84075_85353,239021,1663,1284,697,84075,85353,27,
KROGER COMPANY_84075_85353,238717,1663,1284,697,84075,85353,28,
KROGER COMPANY_84075_85353,238710,1663,1284,697,84075,85353,29,
KROGER COMPANY_84075_85353,239020,1663,1284,697,84075,85353,30,
KROGER COMPANY_84075_85353,239145,1663,1284,697,84075,85353,31,
KROGER COMPANY_84075_85353,238234,1663,1284,697,84075,85353,32,
KROGER COMPANY_84075_85353,238616,1663,1284,697,84075,85353,33,
KROGER COMPANY_84075_85353,238614,1663,1284,697,84075,85353,34,
KROGER COMPANY_84075_85353,238617,1663,1284,697,84075,85353,35,
KROGER COMPANY_84075_85353,237880,1663,1284,697,84075,85353,36,
KROGER COMPANY_84075_85353,239542,1663,1284,697,84075,85353,37,
KROGER COMPANY_84075_85353,239632,1663,1284,697,84075,85353,38,
KROGER COMPANY_84075_85353,239544,1663,1284,697,84075,85353,39,
KROGER COMPANY_84075_85353,239911,1663,1284,697,84075,85353,40,
KROGER COMPANY_80223_84075,238233,1000,1063,532,80223,84075,1,
KROGER COMPANY_80223_84075,238261,1000,1063,532,80223,84075,2,
KROGER COMPANY_80223_84075,238227,1000,1063,532,80223,84075,3,
KROGER COMPANY_80223_84075,238231,1000,1063,532,80223,84075,4,
KROGER COMPANY_80223_84075,238721,1000,1063,532,80223,84075,5,
KROGER COMPANY_80223_84075,239528,1000,1063,532,80223,84075,6,
KROGER COMPANY_80223_84075,237870,1000,1063,532,80223,84075,7,
KROGER COMPANY_80223_84075,238720,1000,1063,532,80223,84075,8,
KROGER COMPANY_80223_84075,239529,1000,1063,532,80223,84075,9,
KROGER COMPANY_80223_84075,239527,1000,1063,532,80223,84075,10,
KROGER COMPANY_80223_84075,239531,1000,1063,532,80223,84075,11,
"U.S FOODSERVICE, INC.,_83442_46038",237793,3910,3189,1618,83442,46038,1,
"U.S FOODSERVICE, INC.,_83442_46038",237792,3910,3189,1618,83442,46038,2,
"U.S FOODSERVICE, INC.,_83442_73131",238287,3483,2412,1253,83442,73131,1,
"U.S FOODSERVICE, INC.,_83442_73131",238103,3483,2412,1253,83442,73131,2,
"U.S FOODSERVICE, INC.,_83442_63114",238184,3543,2690,1409,83442,63114,1,
"U.S FOODSERVICE, INC.,_83442_63114",237804,3543,2690,1409,83442,63114,2,
"U.S FOODSERVICE, INC.,_83442_65560",238880,3631,2676,1415,83442,65560,1,
"U.S FOODSERVICE, INC.,_83440_73131",239298,3463,2422,1275,83440,73131,1,
"U.S FOODSERVICE, INC.,_83440_73131",239300,3463,2422,1275,83440,73131,2,
"U.S FOODSERVICE, INC.,_83440_73131",237821,3463,2422,1275,83440,73131,3,
"U.S FOODSERVICE, INC.,_83440_73131",237947,3463,2422,1275,83440,73131,4,
"U.S FOODSERVICE, INC.,_83440_73131",239559,3463,2422,1275,83440,73131,5,
"U.S FOODSERVICE, INC.,_83440_73131",237708,3463,2422,1275,83440,73131,6,
"U.S FOODSERVICE, INC.,_83402_63114",238638,3533,2622,1395,83402,63114,1,
"U.S FOODSERVICE, INC.,_83402_63114",238891,3533,2622,1395,83402,63114,2,
"U.S FOODSERVICE, INC.,_83402_63114",239395,3533,2622,1395,83402,63114,3,
"U.S FOODSERVICE, INC.,_83402_73131",238786,3466,2351,1249,83402,73131,1,
"U.S FOODSERVICE, INC.,_83402_65560",238111,3665,2575,1402,83402,65560,1,
"U.S FOODSERVICE, INC.,_83350_84401",238486,1120,459,197,83350,84401,1,
"U.S FOODSERVICE, INC.,_83350_84401",238073,1120,459,197,83350,84401,2,
"U.S FOODSERVICE, INC.,_83350_84401",239479,1120,459,197,83350,84401,3,
"U.S FOODSERVICE, INC.,_83350_66618",238110,3380,2458,1288,83350,66618,1,
"U.S FOODSERVICE, INC.,_83425_45246",238054,4440,3230,1741,83425,45246,1,
"U.S FOODSERVICE, INC.,_83425_45246",238046,4440,3230,1741,83425,45246,2,
"U.S FOODSERVICE, INC.,_98108_85043",237678,3138,2877,1502,98108,85043,1,
"U.S FOODSERVICE, INC.,_98108_85043",238252,3138,2877,1502,98108,85043,2,
"U.S FOODSERVICE, INC.,_83318_85043",238064,2443,1829,931,83318,85043,1,
"U.S FOODSERVICE, INC.,_83318_85043",237281,2443,1829,931,83318,85043,2,
"U.S FOODSERVICE, INC.,_83605_97071",238784,1550,977,460,83605,97071,1,
"U.S FOODSERVICE, INC.,_98466_80111",238258,3414,2638,1385,98466,80111,1,
"U.S FOODSERVICE, INC.,_99354_85009",238707,2696,2472,1297,99354,85009,1,
"U.S FOODSERVICE, INC.,_98188_84401",238331,1766,1546,804,98188,84401,1,
"U.S FOODSERVICE, INC.,_83401_85009",237208,2432,1695,894,83401,85009,1,
"U.S FOODSERVICE, INC.,_83303_65560",239397,3614,2702,1562,83303,65560,1,
"U.S FOODSERVICE, INC.,_83660_85043",238109,2720,2024,1023,83660,85043,1,
GRIMMWAY FARMS_99301_93203,238142,2350,1758,985,99301,93203,1,
GRIMMWAY FARMS_99301_93203,239061,2350,1758,985,99301,93203,2,
GRIMMWAY FARMS_99301_93203,238581,2350,1758,985,99301,93203,3,
GRIMMWAY FARMS_99301_93203,238143,2350,1758,985,99301,93203,4,
GRIMMWAY FARMS_99301_93203,239068,2350,1758,985,99301,93203,5,
GRIMMWAY FARMS_99301_93203,238144,2350,1758,985,99301,93203,6,
GRIMMWAY FARMS_99301_93203,238579,2350,1758,985,99301,93203,7,
GRIMMWAY FARMS_99301_93203,238145,2350,1758,985,99301,93203,8,
GRIMMWAY FARMS_99301_93203,239059,2350,1758,985,99301,93203,9,
GRIMMWAY FARMS_99301_93203,238146,2350,1758,985,99301,93203,10,
GRIMMWAY FARMS_99301_93203,239064,2350,1758,985,99301,93203,11,
GRIMMWAY FARMS_99301_93203,238147,2350,1758,985,99301,93203,12,
GRIMMWAY FARMS_99301_93203,239066,2350,1758,985,99301,93203,13,
GRIMMWAY FARMS_99301_93203,238150,2350,1758,985,99301,93203,14,
GRIMMWAY FARMS_99301_93203,238578,2350,1758,985,99301,93203,15,
GRIMMWAY FARMS_99301_93203,238151,2350,1758,985,99301,93203,16,
GRIMMWAY FARMS_99301_93203,238580,2350,1758,985,99301,93203,17,
GRIMMWAY FARMS_99301_93203,238141,2350,1758,985,99301,93203,18,
GRIMMWAY FARMS_99301_93203,238582,2350,1758,985,99301,93203,19,
GRIMMWAY FARMS_99301_93203,238140,2350,1758,985,99301,93203,20,
GRIMMWAY FARMS_99301_93203,239060,2350,1758,985,99301,93203,21,
GRIMMWAY FARMS_99301_93203,238569,2350,1758,985,99301,93203,22,
GRIMMWAY FARMS_99301_93203,239062,2350,1758,985,99301,93203,23,
GRIMMWAY FARMS_99301_93203,238571,2350,1758,985,99301,93203,24,
GRIMMWAY FARMS_99301_93203,237831,2350,1758,985,99301,93203,25,
GRIMMWAY FARMS_99301_93203,238572,2350,1758,985,99301,93203,26,
GRIMMWAY FARMS_99301_93203,239065,2350,1758,985,99301,93203,27,
GRIMMWAY FARMS_99301_93203,238574,2350,1758,985,99301,93203,28,
GRIMMWAY FARMS_99301_93203,239067,2350,1758,985,99301,93203,29,
GRIMMWAY FARMS_99301_93203,238575,2350,1758,985,99301,93203,30,
GRIMMWAY FARMS_99301_93203,238576,2350,1758,985,99301,93203,31,
GRIMMWAY FARMS_81144_93203,237895,2200,1861,1026,81144,93203,1,
GRIMMWAY FARMS_81144_93203,237896,2200,1861,1026,81144,93203,2,
GRIMMWAY FARMS_81144_93203,238129,2200,1861,1026,81144,93203,3,
GRIMMWAY FARMS_81144_93203,238128,2200,1861,1026,81144,93203,4,
"ENVISTA CONCEPTS, LLC_83301_85353",238689,2032,1692,842,83301,85353,1,
"ENVISTA CONCEPTS, LLC_83301_85353",238433,2032,1692,842,83301,85353,2,
"ENVISTA CONCEPTS, LLC_83301_85353",239141,2032,1692,842,83301,85353,3,
"ENVISTA CONCEPTS, LLC_83301_85353",238432,2032,1692,842,83301,85353,4,
"ENVISTA CONCEPTS, LLC_83301_85353",239138,2032,1692,842,83301,85353,5,
"ENVISTA CONCEPTS, LLC_83301_85353",238002,2032,1692,842,83301,85353,6,
"ENVISTA CONCEPTS, LLC_83301_85353",238431,2032,1692,842,83301,85353,7,
"ENVISTA CONCEPTS, LLC_83301_85353",239139,2032,1692,842,83301,85353,8,
"ENVISTA CONCEPTS, LLC_83301_85353",239135,2032,1692,842,83301,85353,9,
"ENVISTA CONCEPTS, LLC_83301_85353",238688,2032,1692,842,83301,85353,10,
"ENVISTA CONCEPTS, LLC_83301_85353",238417,2032,1692,842,83301,85353,11,
"ENVISTA CONCEPTS, LLC_83301_85353",239450,2032,1692,842,83301,85353,12,
"ENVISTA CONCEPTS, LLC_83301_85353",239222,2032,1692,842,83301,85353,13,
"ENVISTA CONCEPTS, LLC_83301_85353",237942,2032,1692,842,83301,85353,14,
"ENVISTA CONCEPTS, LLC_83301_85353",237943,2032,1692,842,83301,85353,15,
"ENVISTA CONCEPTS, LLC_83301_85353",238852,2032,1692,842,83301,85353,16,
"ENVISTA CONCEPTS, LLC_83301_85353",238765,2032,1692,842,83301,85353,17,
"ENVISTA CONCEPTS, LLC_83301_85353",238851,2032,1692,842,83301,85353,18,
"ENVISTA CONCEPTS, LLC_83301_85353",238764,2032,1692,842,83301,85353,19,
"ENVISTA CONCEPTS, LLC_83301_85353",238296,2032,1692,842,83301,85353,20,
"ENVISTA CONCEPTS, LLC_83301_85353",239140,2032,1692,842,83301,85353,21,
"ENVISTA CONCEPTS, LLC_83301_85353",238222,2032,1692,842,83301,85353,22,
"ENVISTA CONCEPTS, LLC_83301_85353",238763,2032,1692,842,83301,85353,23,
"ENVISTA CONCEPTS, LLC_83301_85353",238853,2032,1692,842,83301,85353,24,
"ENVISTA CONCEPTS, LLC_83301_85353",238766,2032,1692,842,83301,85353,25,
"ENVISTA CONCEPTS, LLC_83301_85353",238020,2032,1692,842,83301,85353,26,
"ENVISTA CONCEPTS, LLC_83301_85353",237652,2032,1692,842,83301,85353,27,
"ENVISTA CONCEPTS, LLC_83301_76106",239464,3526,2726,1442,83301,76106,1,
"ENVISTA CONCEPTS, LLC_83301_76106",239466,3526,2726,1442,83301,76106,2,
"ENVISTA CONCEPTS, LLC_83301_76106",239467,3526,2726,1442,83301,76106,3,
"ENVISTA CONCEPTS, LLC_83301_85043",238837,2053,1788,867,83301,85043,1,
"ENVISTA CONCEPTS, LLC_83301_85043",239224,2053,1788,867,83301,85043,2,
"ENVISTA CONCEPTS, LLC_83301_85003",238195,2108,1762,857,83301,85003,1,
"ENVISTA CONCEPTS, LLC_83301_91752",238722,2017,1506,732,83301,91752,1,
^ARRIVE LOGISTICS_85719_80110,237999,2000,1671,945,85719,80110,1,
^ARRIVE LOGISTICS_85719_80110,238725,2000,1671,945,85719,80110,2,
^ARRIVE LOGISTICS_85719_80110,238399,2000,1671,945,85719,80110,3,
^ARRIVE LOGISTICS_85719_80110,238402,2000,1671,945,85719,80110,4,
^ARRIVE LOGISTICS_85719_80110,238001,2000,1671,945,85719,80110,5,
^ARRIVE LOGISTICS_85719_80110,238401,2000,1671,945,85719,80110,6,
^ARRIVE LOGISTICS_85719_80110,238403,2000,1671,945,85719,80110,7,
^ARRIVE LOGISTICS_85719_80110,238400,2000,1671,945,85719,80110,8,
^ARRIVE LOGISTICS_80011_84119,238161,750,976,526,80011,84119,1,
^ARRIVE LOGISTICS_80011_84119,238835,750,976,526,80011,84119,2,
^ARRIVE LOGISTICS_80011_84119,238808,750,976,526,80011,84119,3,
^ARRIVE LOGISTICS_80631_74051,238564,1383,1324,686,80631,74051,1,
^ARRIVE LOGISTICS_80631_74051,238561,1383,1324,686,80631,74051,2,
^ARRIVE LOGISTICS_80631_74051,239036,1383,1324,686,80631,74051,3,
^ARRIVE LOGISTICS_85355_80221,238846,2000,1440,826,85355,80221,1,
^ARRIVE LOGISTICS_85355_55413,239480,3500,2933,1699,85355,55413,1,
^ARRIVE LOGISTICS_85353_97062,239378,2900,2266,1312,85353,97062,1,
^ARRIVE LOGISTICS_85353_97223,239091,2800,2463,1318,85353,97223,1,
^ARRIVE LOGISTICS_85326_80011,238196,1900,1489,862,85326,80011,1,
^ARRIVE LOGISTICS_62526_97211,238193,3400,3590,2089,62526,97211,1,
^ARRIVE LOGISTICS_65801_84660,239788,2300,2137,1242,65801,84660,1,
^ARRIVE LOGISTICS_63376_84790,238428,2800,2534,1450,63376,84790,1,
^ARRIVE LOGISTICS_84104_63376,238973,2800,2359,1303,84104,63376,1,
^ARRIVE LOGISTICS_66021_84404,239230,2200,1918,1103,66021,84404,1,
^ARRIVE LOGISTICS_72764_45503,238495,1550,1342,778,72764,45503,1,
^ARRIVE LOGISTICS_93245_80631,238823,2900,2124,1180,93245,80631,1,
^ARRIVE LOGISTICS_48051_72802,238824,1800,1777,968,48051,72802,1,
^ARRIVE LOGISTICS_85043_60446,239452,3600,3292,1781,85043,60446,1,
^ARRIVE LOGISTICS_86401_80538,239437,2400,1572,908,86401,80538,1,
^ARRIVE LOGISTICS_84119_80011,239402,1200,911,526,84119,80011,1,
^ARRIVE LOGISTICS_58203_83605,238382,3000,2434,1284,58203,83605,1,
^ARRIVE LOGISTICS_60632_73013,238892,1750,1499,786,60632,73013,1,
^ARRIVE LOGISTICS_80701_66113,239220,1300,1041,560,80701,66113,1,
WADA MARKETING GROUP_83262_64701,238406,3156,2187,1235,83262,64701,1,
WADA MARKETING GROUP_83262_64701,239191,3156,2187,1235,83262,64701,2,
WADA MARKETING GROUP_83262_64701,238163,3156,2187,1235,83262,64701,3,
WADA MARKETING GROUP_83262_64701,238122,3156,2187,1235,83262,64701,4,
WADA MARKETING GROUP_83262_64701,238162,3156,2187,1235,83262,64701,5,
WADA MARKETING GROUP_83262_64701,239537,3156,2187,1235,83262,64701,6,
WADA MARKETING GROUP_83262_64701,238781,3156,2187,1235,83262,64701,7,
WADA MARKETING GROUP_83262_64701,239189,3156,2187,1235,83262,64701,8,
WADA MARKETING GROUP_83262_64701,239192,3156,2187,1235,83262,64701,9,
WADA MARKETING GROUP_83262_64701,237965,3156,2187,1235,83262,64701,10,
WADA MARKETING GROUP_83262_64701,238779,3156,2187,1235,83262,64701,11,
WADA MARKETING GROUP_83262_64701,238223,3156,2187,1235,83262,64701,12,
WADA MARKETING GROUP_83262_64701,238780,3156,2187,1235,83262,64701,13,
WADA MARKETING GROUP_83262_72830,239329,4098,2681,1484,83262,72830,1,
WADA MARKETING GROUP_83262_72830,238778,4098,2681,1484,83262,72830,2,
WADA MARKETING GROUP_83262_73075,238392,5075,2835,1499,83262,73075,1,
WADA MARKETING GROUP_83262_73075,239326,5075,2835,1499,83262,73075,2,
WADA MARKETING GROUP_83347_83262,239666,550,229,99,83347,83262,1,
WADA MARKETING GROUP_83347_83262,239237,550,229,99,83347,83262,2,
WADA MARKETING GROUP_83347_83262,238913,550,229,99,83347,83262,3,
WADA MARKETING GROUP_81144_72830,239444,2500,1464,826,81144,72830,1,
WADA MARKETING GROUP_81144_72830,239042,2500,1464,826,81144,72830,2,
WADA MARKETING GROUP_81144_64701,239443,2050,1261,707,81144,64701,1,
WADA MARKETING GROUP_69033_72830,238512,2400,1375,756,69033,72830,1,
WADA MARKETING GROUP_69033_73075,239356,2200,1079,609,69033,73075,1,
WADA MARKETING GROUP_83350_83262,238488,650,245,116,83350,83262,1,
WADA MARKETING GROUP_83623_83262,239859,1000,371,180,83623,83262,1,
WADA MARKETING GROUP_83336_83262,239004,1000,515,273,83336,83262,1,
WADA MARKETING GROUP_97913_83262,239830,1000,592,307,97913,83262,1,
WADA MARKETING GROUP_99301_93030,238487,2400,2014,1076,99301,93030,1,
RESTAURANT DEPOT_99301_89119,238484,2609,1755,1008,99301,89119,1,
RESTAURANT DEPOT_99301_89119,237958,2609,1755,1008,99301,89119,2,
RESTAURANT DEPOT_99301_89119,238942,2609,1755,1008,99301,89119,3,
RESTAURANT DEPOT_99301_89119,238489,2609,1755,1008,99301,89119,4,
RESTAURANT DEPOT_99301_89119,239035,2609,1755,1008,99301,89119,5,
RESTAURANT DEPOT_99301_89119,238104,2609,1755,1008,99301,89119,6,
RESTAURANT DEPOT_99301_89119,238695,2609,1755,1008,99301,89119,7,
RESTAURANT DEPOT_99301_89119,238925,2609,1755,1008,99301,89119,8,
RESTAURANT DEPOT_99301_80204,239346,3480,1933,1104,99301,80204,1,
RESTAURANT DEPOT_99301_80204,239031,3480,1933,1104,99301,80204,2,
RESTAURANT DEPOT_99301_80204,239486,3480,1933,1104,99301,80204,3,
RESTAURANT DEPOT_99301_80204,238558,3480,1933,1104,99301,80204,4,
RESTAURANT DEPOT_99301_80204,238509,3480,1933,1104,99301,80204,5,
RESTAURANT DEPOT_99301_80112,238183,3420,1950,1118,99301,80112,1,
RESTAURANT DEPOT_99301_80112,237953,3420,1950,1118,99301,80112,2,
RESTAURANT DEPOT_99301_80112,238085,3420,1950,1118,99301,80112,3,
RESTAURANT DEPOT_99301_80112,239427,3420,1950,1118,99301,80112,4,
RESTAURANT DEPOT_99301_80112,238560,3420,1950,1118,99301,80112,5,
RESTAURANT DEPOT_99301_80111,238797,3556,1970,1127,99301,80111,1,
RESTAURANT DEPOT_99301_80111,238907,3556,1970,1127,99301,80111,2,
RESTAURANT DEPOT_99301_80111,238413,3556,1970,1127,99301,80111,3,
RESTAURANT DEPOT_99301_80111,239158,3556,1970,1127,99301,80111,4,
RESTAURANT DEPOT_99301_84104,238703,1925,1104,630,99301,84104,1,
RESTAURANT DEPOT_99301_84104,238174,1925,1104,630,99301,84104,2,
RESTAURANT DEPOT_99301_84104,239351,1925,1104,630,99301,84104,3,
RESTAURANT DEPOT_99301_84104,239425,1925,1104,630,99301,84104,4,
RESTAURANT DEPOT_83651_91752,238260,2540,1497,816,83651,91752,1,
RESTAURANT DEPOT_83651_91752,237981,2540,1497,816,83651,91752,2,
RESTAURANT DEPOT_83651_94804,237983,1970,1131,606,83651,94804,1,
SEABOARD CORPORATION_73942_84104,239457,2778,1684,877,73942,84104,1,
SEABOARD CORPORATION_73942_84104,238735,2778,1684,877,73942,84104,2,
SEABOARD CORPORATION_73942_84104,238740,2778,1684,877,73942,84104,3,
SEABOARD CORPORATION_73942_84104,238742,2778,1684,877,73942,84104,4,
SEABOARD CORPORATION_73942_84104,238741,2778,1684,877,73942,84104,5,
SEABOARD CORPORATION_73942_84104,238736,2778,1684,877,73942,84104,6,
SEABOARD CORPORATION_73942_84104,237921,2778,1684,877,73942,84104,7,
SEABOARD CORPORATION_73942_84104,239078,2778,1684,877,73942,84104,8,
SEABOARD CORPORATION_73942_84104,239522,2778,1684,877,73942,84104,9,
SEABOARD CORPORATION_73942_84104,239077,2778,1684,877,73942,84104,10,
SEABOARD CORPORATION_73942_84104,239076,2778,1684,877,73942,84104,11,
SEABOARD CORPORATION_73942_84104,239203,2778,1684,877,73942,84104,12,
SEABOARD CORPORATION_73942_84104,237919,2778,1684,877,73942,84104,13,
SEABOARD CORPORATION_73942_84104,237918,2778,1684,877,73942,84104,14,
SEABOARD CORPORATION_73942_84104,237922,2778,1684,877,73942,84104,15,
SEABOARD CORPORATION_73942_97801,238069,4475,2619,1409,73942,97801,1,
SEABOARD CORPORATION_73942_97801,237771,4475,2619,1409,73942,97801,2,
SEABOARD CORPORATION_73942_97801,237770,4475,2619,1409,73942,97801,3,
SEABOARD CORPORATION_73942_97801,237295,4475,2619,1409,73942,97801,4,
SEABOARD CORPORATION_73942_97801,237254,4475,2619,1409,73942,97801,5,
SEABOARD CORPORATION_73942_84115,238242,2758,1662,880,73942,84115,1,
SEABOARD CORPORATION_73942_84115,238245,2758,1662,880,73942,84115,2,
SEABOARD CORPORATION_73942_84115,238244,2758,1662,880,73942,84115,3,
SEABOARD CORPORATION_73942_84115,238246,2758,1662,880,73942,84115,4,
SEABOARD CORPORATION_73942_98001,239292,5378,3063,1679,73942,98001,1,
SEABOARD CORPORATION_73942_98001,238874,5378,3063,1679,73942,98001,2,
SEABOARD CORPORATION_73942_98001,238469,5378,3063,1679,73942,98001,3,
SEABOARD CORPORATION_73942_80216,239471,1931,780,367,73942,80216,1,
SEABOARD CORPORATION_73942_84101,238567,2919,1709,900,73942,84101,1,
JOHN MORRELL FOOD GROUP_66062_84307,239027,3550,2040,1122,66062,84307,1,
JOHN MORRELL FOOD GROUP_66062_84307,237954,3550,2040,1122,66062,84307,2,
JOHN MORRELL FOOD GROUP_66062_84307,239593,3550,2040,1122,66062,84307,3,
JOHN MORRELL FOOD GROUP_66062_84307,238356,3550,2040,1122,66062,84307,4,
JOHN MORRELL FOOD GROUP_66062_84081,238997,3515,2067,1113,66062,84081,1,
JOHN MORRELL FOOD GROUP_66062_84081,238181,3515,2067,1113,66062,84081,2,
JOHN MORRELL FOOD GROUP_66062_84081,239001,3515,2067,1113,66062,84081,3,
JOHN MORRELL FOOD GROUP_66062_84081,238598,3515,2067,1113,66062,84081,4,
JOHN MORRELL FOOD GROUP_66062_84404,238033,3425,1983,1087,66062,84404,1,
JOHN MORRELL FOOD GROUP_66062_84404,238116,3425,1983,1087,66062,84404,2,
JOHN MORRELL FOOD GROUP_66062_84404,238562,3425,1983,1087,66062,84404,3,
JOHN MORRELL FOOD GROUP_66062_85353,238556,3793,2267,1238,66062,85353,1,
JOHN MORRELL FOOD GROUP_66062_85353,238265,3793,2267,1238,66062,85353,2,
JOHN MORRELL FOOD GROUP_66062_85353,239308,3793,2267,1238,66062,85353,3,
JOHN MORRELL FOOD GROUP_66062_84054,238935,3524,2048,1099,66062,84054,1,
JOHN MORRELL FOOD GROUP_66062_84054,239430,3524,2048,1099,66062,84054,2,
JOHN MORRELL FOOD GROUP_66062_84054,238553,3524,2048,1099,66062,84054,3,
JOHN MORRELL FOOD GROUP_66062_85193,238687,3796,2369,1274,66062,85193,1,
JOHN MORRELL FOOD GROUP_66062_85193,238936,3796,2369,1274,66062,85193,2,
JOHN MORRELL FOOD GROUP_66062_84104,239420,3574,2009,1106,66062,84104,1,
JOHN MORRELL FOOD GROUP_66062_84104,238934,3574,2009,1106,66062,84104,2,
JOHN MORRELL FOOD GROUP_66062_84041,238937,3430,2032,1114,66062,84041,1,
JOHN MORRELL FOOD GROUP_66062_84337,237702,3539,2019,1122,66062,84337,1,
JOHN MORRELL FOOD GROUP_68333_84307,238787,2841,1758,919,68333,84307,1,
JOHN MORRELL FOOD GROUP_68333_84307,238192,2841,1758,919,68333,84307,2,
JOHN MORRELL FOOD GROUP_68333_84104,238354,2784,1603,881,68333,84104,1,
JOHN MORRELL FOOD GROUP_68333_84104,238082,2784,1603,881,68333,84104,2,
DANONE USA_84104_87031,238283,2005,1211,647,84104,87031,1,
DANONE USA_84104_87031,238175,2005,1211,647,84104,87031,2,
DANONE USA_84104_87031,238927,2005,1211,647,84104,87031,3,
DANONE USA_84104_87031,238751,2005,1211,647,84104,87031,4,
DANONE USA_84104_87031,237855,2005,1211,647,84104,87031,5,
DANONE USA_84104_87031,238543,2005,1211,647,84104,87031,6,
DANONE USA_84104_87031,239087,2005,1211,647,84104,87031,7,
DANONE USA_84104_87031,238016,2005,1211,647,84104,87031,8,
DANONE USA_84104_87031,239232,2005,1211,647,84104,87031,9,
DANONE USA_84104_87031,238698,2005,1211,647,84104,87031,10,
DANONE USA_84104_87031,237925,2005,1211,647,84104,87031,11,
DANONE USA_84104_87031,239127,2005,1211,647,84104,87031,12,
DANONE USA_84104_85224,238176,1714,1392,700,84104,85224,1,
DANONE USA_84104_85353,239577,1860,1277,671,84104,85353,1,
DANONE USA_84104_85043,238592,1879,1353,672,84104,85043,1,
DANONE USA_91746_85122,239307,1252,827,415,91746,85122,1,
DANONE USA_91746_85122,238236,1252,827,415,91746,85122,2,
DANONE USA_91746_85122,239113,1252,827,415,91746,85122,3,
DANONE USA_91746_85122,239110,1252,827,415,91746,85122,4,
DANONE USA_91746_85122,238434,1252,827,415,91746,85122,5,
DANONE USA_91746_85122,239369,1252,827,415,91746,85122,6,
DANONE USA_91746_85122,238893,1252,827,415,91746,85122,7,
DANONE USA_91746_85122,238723,1252,827,415,91746,85122,8,
DANONE USA_84084_76102,238737,3821,2426,1338,84084,76102,1,
DANONE USA_84084_76102,238860,3821,2426,1338,84084,76102,2,
DANONE USA_91758_85338,239403,1317,731,336,91758,85338,1,
DANONE USA_91758_85338,238753,1317,731,336,91758,85338,2,
CHRW BILLING_46168_84029,239435,4120,2836,1557,46168,84029,1,
CHRW BILLING_46168_84029,238901,4120,2836,1557,46168,84029,2,
CHRW BILLING_46168_84029,238024,4120,2836,1557,46168,84029,3,
CHRW BILLING_46168_84029,238438,4120,2836,1557,46168,84029,4,
CHRW BILLING_46168_84029,237653,4120,2836,1557,46168,84029,5,
CHRW BILLING_46168_72712,239446,1398,1079,568,46168,72712,1,
CHRW BILLING_46168_72712,238058,1398,1079,568,46168,72712,2,
CHRW BILLING_46168_72712,238878,1398,1079,568,46168,72712,3,
CHRW BILLING_46168_80538,238025,3498,2098,1119,46168,80538,1,
CHRW BILLING_46168_80538,239019,3498,2098,1119,46168,80538,2,
CHRW BILLING_64101_80012,238884,1742,1153,597,64101,80012,1,
CHRW BILLING_64101_80012,238879,1742,1153,597,64101,80012,2,
CHRW BILLING_92335_85353,239573,1000,694,327,92335,85353,1,
CHRW BILLING_84101_85122,239470,1400,1366,721,84101,85122,1,
CHRW BILLING_51101_41005,239354,3000,1452,769,51101,41005,1,
CHRW BILLING_68501_45501,239348,2400,1456,796,68501,45501,1,
CHRW BILLING_93030_46706,239567,5400,4100,2247,93030,46706,1,
CHRW BILLING_85621_76002,239305,2000,1870,1001,85621,76002,1,
CHRW BILLING_85648_62450,239411,3700,2894,1641,85648,62450,1,
CHRW BILLING_64098_80120,238903,1750,1143,616,64098,80120,1,
CHRW BILLING_49456_80010,238256,2330,2229,1167,49456,80010,1,
CHRW BILLING_74103_91752,239724,2200,2522,1447,74103,91752,1,
CONAGRA BRANDS_72801_85043,238831,2718,2411,1277,72801,85043,1,
CONAGRA BRANDS_72801_85043,238646,2718,2411,1277,72801,85043,2,
CONAGRA BRANDS_72801_85043,238686,2718,2411,1277,72801,85043,3,
CONAGRA BRANDS_72801_85043,239209,2718,2411,1277,72801,85043,4,
CONAGRA BRANDS_72801_85043,238978,2718,2411,1277,72801,85043,5,
CONAGRA BRANDS_72801_85043,238926,2718,2411,1277,72801,85043,6,
CONAGRA BRANDS_72801_85043,238976,2718,2411,1277,72801,85043,7,
CONAGRA BRANDS_72801_85043,238877,2718,2411,1277,72801,85043,8,
CONAGRA BRANDS_72801_85043,238974,2718,2411,1277,72801,85043,9,
CONAGRA BRANDS_72801_85043,239423,2718,2411,1277,72801,85043,10,
CONAGRA BRANDS_72801_85043,238975,2718,2411,1277,72801,85043,11,
CONAGRA BRANDS_72801_85043,239079,2718,2411,1277,72801,85043,12,
CONAGRA BRANDS_72801_85043,239282,2718,2411,1277,72801,85043,13,
CONAGRA BRANDS_65340_46052,238622,1186,848,439,65340,46052,1,
CONAGRA BRANDS_65340_46052,238772,1186,848,439,65340,46052,2,
CONAGRA BRANDS_65340_46052,239429,1186,848,439,65340,46052,3,
CONAGRA BRANDS_65340_46052,238639,1186,848,439,65340,46052,4,
CONAGRA BRANDS_99301_65340,236650,3939,3283,1758,99301,65340,1,
CONAGRA BRANDS_99301_65340,238284,3939,3283,1758,99301,65340,2,
CONAGRA BRANDS_99301_72701,237993,4228,3586,1911,99301,72701,1,
^COYOTE LOGISTICS_83318_87121,239092,2925,1488,799,83318,87121,1,
^COYOTE LOGISTICS_83318_87121,239473,2925,1488,799,83318,87121,2,
^COYOTE LOGISTICS_83318_85353,239412,2250,1490,852,83318,85353,1,
^COYOTE LOGISTICS_43725_80403,238373,2475,2370,1351,43725,80403,1,
^COYOTE LOGISTICS_43725_80403,238785,2475,2370,1351,43725,80403,2,
^COYOTE LOGISTICS_85756_87101,239372,1250,887,502,85756,87101,1,
^COYOTE LOGISTICS_85756_87101,239371,1250,887,502,85756,87101,2,
^COYOTE LOGISTICS_85355_84337,239391,1650,1361,768,85355,84337,1,
^COYOTE LOGISTICS_49079_72830,238429,2075,1361,760,49079,72830,1,
^COYOTE LOGISTICS_84104_85043,239416,1280,1206,671,84104,85043,1,
^COYOTE LOGISTICS_60608_59101,238662,2950,2361,1228,60608,59101,1,
^COYOTE LOGISTICS_84337_80019,239409,1450,1085,557,84337,80019,1,
^COYOTE LOGISTICS_64147_80916,238451,1450,1029,590,64147,80916,1,
^COYOTE LOGISTICS_60446_65270,239485,900,706,344,60446,65270,1,
^COYOTE LOGISTICS_85009_87105,239445,1200,889,467,85009,87105,1,
^COYOTE LOGISTICS_84404_80239,238771,1400,895,514,84404,80239,1,
^COYOTE LOGISTICS_85706_84737,239325,1250,1057,606,85706,84737,1,
"EMERGETECH, LLC_80521_83402",239553,779,950,529,80521,83402,1,
"EMERGETECH, LLC_80521_83402",239095,779,950,529,80521,83402,2,
"EMERGETECH, LLC_80521_83402",238940,779,950,529,80521,83402,3,
"EMERGETECH, LLC_80521_83402",238492,779,950,529,80521,83402,4,
"EMERGETECH, LLC_80521_83402",238643,779,950,529,80521,83402,5,
"EMERGETECH, LLC_80521_83402",238515,779,950,529,80521,83402,6,
"EMERGETECH, LLC_80521_83402",238247,779,950,529,80521,83402,7,
"EMERGETECH, LLC_80521_83402",238333,779,950,529,80521,83402,8,
"EMERGETECH, LLC_80521_83402",238412,779,950,529,80521,83402,9,
"EMERGETECH, LLC_63118_80011",239365,2200,1471,842,63118,80011,1,
"EMERGETECH, LLC_63118_80011",239190,2200,1471,842,63118,80011,2,
"EMERGETECH, LLC_63118_80010",239707,2200,1465,844,63118,80010,1,
"EMERGETECH, LLC_80011_83402",238480,788,1091,598,80011,83402,1,
"EMERGETECH, LLC_80011_83402",239373,788,1091,598,80011,83402,2,
^BMM LOGISTICS_90620_84651,238295,1300,1273,718,90620,84651,1,
^BMM LOGISTICS_90620_84651,239051,1300,1273,718,90620,84651,2,
^BMM LOGISTICS_90620_84651,238463,1300,1273,718,90620,84651,3,
^BMM LOGISTICS_90620_84651,239355,1300,1273,718,90620,84651,4,
^BMM LOGISTICS_90620_84651,239041,1300,1273,718,90620,84651,5,
^BMM LOGISTICS_90620_84651,238029,1300,1273,718,90620,84651,6,
^BMM LOGISTICS_90620_84651,238026,1300,1273,718,90620,84651,7,
^BMM LOGISTICS_92626_84104,238969,1400,1253,696,92626,84104,1,
^BMM LOGISTICS_92626_84104,238968,1400,1253,696,92626,84104,2,
^BMM LOGISTICS_92626_84104,238727,1400,1253,696,92626,84104,3,
^BMM LOGISTICS_92626_84104,238724,1400,1253,696,92626,84104,4,
^BMM LOGISTICS_92833_84651,239549,1400,1085,626,92833,84651,1,
^BMM LOGISTICS_92394_98901,239550,2200,1868,1071,92394,98901,1,
SCHWAN'S LOGISTICS LLC_67401_84015,238113,2675,1821,945,67401,84015,1,
SCHWAN'S LOGISTICS LLC_67401_84015,238011,2675,1821,945,67401,84015,2,
SCHWAN'S LOGISTICS LLC_67401_84015,238728,2675,1821,945,67401,84015,3,
SCHWAN'S LOGISTICS LLC_67401_84015,239115,2675,1821,945,67401,84015,4,
SCHWAN'S LOGISTICS LLC_67401_84015,238259,2675,1821,945,67401,84015,5,
SCHWAN'S LOGISTICS LLC_67401_84015,238904,2675,1821,945,67401,84015,6,
SCHWAN'S LOGISTICS LLC_67401_84015,238593,2675,1821,945,67401,84015,7,
SCHWAN'S LOGISTICS LLC_67401_84015,239571,2675,1821,945,67401,84015,8,
SCHWAN'S LOGISTICS LLC_67401_84015,238989,2675,1821,945,67401,84015,9,
SCHWAN'S LOGISTICS LLC_67401_84015,239071,2675,1821,945,67401,84015,10,
SCHWAN'S LOGISTICS LLC_67401_84015,238482,2675,1821,945,67401,84015,11,
SCHWAN'S LOGISTICS LLC_67401_84015,239405,2675,1821,945,67401,84015,12,
FERRARA CANDY COMPANY_85395_84029,239114,1884,1347,712,85395,84029,1,
FERRARA CANDY COMPANY_85395_84029,238700,1884,1347,712,85395,84029,2,
FERRARA CANDY COMPANY_85395_84029,238221,1884,1347,712,85395,84029,3,
FERRARA CANDY COMPANY_85395_84104,238701,1823,1356,677,85395,84104,1,
FERRARA CANDY COMPANY_85395_84101,238017,1906,1274,681,85395,84101,1,
FERRARA CANDY COMPANY_85395_83716,238243,2655,2426,1085,85395,83716,1,
FERRARA CANDY COMPANY_85338_84101,239211,1818,1536,682,85338,84101,1,
FERRARA CANDY COMPANY_85338_84101,237898,1818,1536,682,85338,84101,2,
FERRARA CANDY COMPANY_85338_84101,238996,1818,1536,682,85338,84101,3,
FERRARA CANDY COMPANY_85338_84104,238330,1823,1461,680,85338,84104,1,
FERRARA CANDY COMPANY_85338_83716,238425,2568,2017,963,85338,83716,1,
PILGRIM'S PRIDE CORPORATION_71832_84041,239380,3696,2508,1386,71832,84041,1,
PILGRIM'S PRIDE CORPORATION_71832_84041,238629,3696,2508,1386,71832,84041,2,
PILGRIM'S PRIDE CORPORATION_71832_84041,239556,3696,2508,1386,71832,84041,3,
PILGRIM'S PRIDE CORPORATION_71832_84041,239057,3696,2508,1386,71832,84041,4,
PILGRIM'S PRIDE CORPORATION_71832_84041,238114,3696,2508,1386,71832,84041,5,
PILGRIM'S PRIDE CORPORATION_71832_84041,238947,3696,2508,1386,71832,84041,6,
PILGRIM'S PRIDE CORPORATION_71832_84041,239379,3696,2508,1386,71832,84041,7,
PILGRIM'S PRIDE CORPORATION_71832_84041,239515,3696,2508,1386,71832,84041,8,
PILGRIM'S PRIDE CORPORATION_71832_84041,239102,3696,2508,1386,71832,84041,9,
PILGRIM'S PRIDE CORPORATION_71832_84041,238709,3696,2508,1386,71832,84041,10,
^NATIONAL HIWAY SERVICES_81144_66601,238506,1505,1171,648,81144,66601,1,
^NATIONAL HIWAY SERVICES_81144_66601,238547,1505,1171,648,81144,66601,2,
^NATIONAL HIWAY SERVICES_81144_66601,238544,1505,1171,648,81144,66601,3,
^NATIONAL HIWAY SERVICES_81144_66601,238932,1505,1171,648,81144,66601,4,
^NATIONAL HIWAY SERVICES_81144_64060,239367,2751,1275,734,81144,64060,1,
^NATIONAL HIWAY SERVICES_81144_66607,238690,1505,1219,650,81144,66607,1,
^NATIONAL HIWAY SERVICES_83210_64101,238536,2900,2188,1255,83210,64101,1,
^NATIONAL HIWAY SERVICES_83204_66101,238607,2950,2101,1218,83204,66101,1,
^NATIONAL HIWAY SERVICES_80758_64060,239366,1183,981,507,80758,64060,1,
"TREEHOUSE FOODS, INC._84404_46131",239081,3500,2941,1537,84404,46131,1,
"TREEHOUSE FOODS, INC._84404_46131",238257,3500,2941,1537,84404,46131,2,
"TREEHOUSE FOODS, INC._84404_46131",239476,3500,2941,1537,84404,46131,3,
"TREEHOUSE FOODS, INC._84404_46142",239083,3714,3071,1618,84404,46142,1,
"TREEHOUSE FOODS, INC._84404_46142",238388,3714,3071,1618,84404,46142,2,
"TREEHOUSE FOODS, INC._84404_47396",238693,3526,2945,1558,84404,47396,1,
"TREEHOUSE FOODS, INC._84404_47401",237970,3694,3174,1637,84404,47401,1,
"TREEHOUSE FOODS, INC._84404_65801",238890,4305,3443,1812,84404,65801,1,
"TREEHOUSE FOODS, INC._98032_84404",237945,1755,1605,794,98032,84404,1,
ARROWSTREAM_73701_84081,238249,2768,1944,1089,73701,84081,1,
ARROWSTREAM_73701_84081,238743,2768,1944,1089,73701,84081,2,
ARROWSTREAM_73701_84081,238491,2768,1944,1089,73701,84081,3,
ARROWSTREAM_73701_84081,238027,2768,1944,1089,73701,84081,4,
ARROWSTREAM_73701_84084,239159,2768,1981,1079,73701,84084,1,
ARROWSTREAM_91761_85009,238377,1288,642,340,91761,85009,1,
ARROWSTREAM_91761_85009,237766,1288,642,340,91761,85009,2,
ARROWSTREAM_99354_80538,237924,3092,1934,1064,99354,80538,1,
^ECHO GLOBAL LOGISTICS INC_47201_72830,238298,1600,1478,782,47201,72830,1,
^ECHO GLOBAL LOGISTICS INC_42101_84790,238563,3100,3068,1761,42101,84790,1,
^ECHO GLOBAL LOGISTICS INC_91355_85301,238637,1111,742,418,91355,85301,1,
^ECHO GLOBAL LOGISTICS INC_85353_75134,238353,1890,1962,1084,85353,75134,1,
^ECHO GLOBAL LOGISTICS INC_61920_85043,238197,2750,2938,1653,61920,85043,1,
^ECHO GLOBAL LOGISTICS INC_83318_87121,239122,2675,1537,799,83318,87121,1,
^ECHO GLOBAL LOGISTICS INC_64850_80211,238528,1700,1275,737,64850,80211,1,
^ECHO GLOBAL LOGISTICS INC_49079_72143,239299,1650,1205,688,49079,72143,1,
^PRIME LOGISTICS_88101_84631,239693,1667,1492,818,88101,84631,1,
^PRIME LOGISTICS_88101_84631,239169,1667,1492,818,88101,84631,2,
^PRIME LOGISTICS_88101_84631,239170,1667,1492,818,88101,84631,3,
^PRIME LOGISTICS_88101_84101,238533,1632,1481,840,88101,84101,1,
^PRIME LOGISTICS_88101_84101,238538,1632,1481,840,88101,84101,2,
^PRIME LOGISTICS_88101_84101,239116,1632,1481,840,88101,84101,3,
^PRIME LOGISTICS_79022_64836,239986,1751,1015,528,79022,64836,1,
^PRIME LOGISTICS_79022_64836,239906,1751,1015,528,79022,64836,2,
RAINIER FRUIT_98942_85621,239216,3430,2684,1535,98942,85621,1,
RAINIER FRUIT_98942_85621,239193,3430,2684,1535,98942,85621,2,
RAINIER FRUIT_98942_85621,237767,3430,2684,1535,98942,85621,3,
RAINIER FRUIT_98942_85621,237984,3430,2684,1535,98942,85621,4,
RAINIER FRUIT_98942_85621,237676,3430,2684,1535,98942,85621,5,
RAINIER FRUIT_98902_85621,238931,3449,2695,1534,98902,85621,1,
RAINIER FRUIT_99357_85009,239088,3200,2369,1356,99357,85009,1,
RAINIER FRUIT_99348_85009,238545,3200,2258,1267,99348,85009,1,
DAILY'S PREMIUM MEATS-SLC_84104_64504,238239,2351,1912,1031,84104,64504,1,
DAILY'S PREMIUM MEATS-SLC_84104_64504,238240,2351,1912,1031,84104,64504,2,
DAILY'S PREMIUM MEATS-SLC_84104_64504,239295,2351,1912,1031,84104,64504,3,
DAILY'S PREMIUM MEATS-SLC_84104_64504,238788,2351,1912,1031,84104,64504,4,
DAILY'S PREMIUM MEATS-SLC_84104_64504,237860,2351,1912,1031,84104,64504,5,
DAILY'S PREMIUM MEATS-SLC_84104_64504,239296,2351,1912,1031,84104,64504,6,
DAILY'S PREMIUM MEATS-SLC_84104_64504,237859,2351,1912,1031,84104,64504,7,
"^GILTNER LOGISTIC SERVICES, INC._80521_98371",238381,1500,2192,1264,80521,98371,1,
"^GILTNER LOGISTIC SERVICES, INC._80521_98371",239015,1500,2192,1264,80521,98371,2,
"^GILTNER LOGISTIC SERVICES, INC._80521_73149",239357,1400,1301,678,80521,73149,1,
"^GILTNER LOGISTIC SERVICES, INC._45883_84104",239751,2300,2926,1622,45883,84104,1,
"^GILTNER LOGISTIC SERVICES, INC._63118_80538",238883,1800,1615,900,63118,80538,1,
"^GILTNER LOGISTIC SERVICES, INC._80011_84128",238921,400,937,531,80011,84128,1,
DOMEX SUPERFRESH GROWERS_98947_85621,239404,3550,2678,1549,98947,85621,1,
DOMEX SUPERFRESH GROWERS_98947_85621,238692,3550,2678,1549,98947,85621,2,
DOMEX SUPERFRESH GROWERS_98801_87031,238900,4500,2502,1426,98801,87031,1,
DOMEX SUPERFRESH GROWERS_98801_87031,238899,4500,2502,1426,98801,87031,2,
DOMEX SUPERFRESH GROWERS_98902_87031,238552,4500,2671,1523,98902,87031,1,
TRICONT LOGISTICS_93036_85338,238738,1443,775,416,93036,85338,1,
TRICONT LOGISTICS_93036_85338,238446,1443,775,416,93036,85338,2,
TRICONT LOGISTICS_93036_85338,238355,1443,775,416,93036,85338,3,
TRICONT LOGISTICS_93033_85338,239097,1461,791,434,93033,85338,1,
TRICONT LOGISTICS_93033_85338,238125,1461,791,434,93033,85338,2,
^HTS LOGISTICS LLC_85353_43207,238633,3200,3382,1931,85353,43207,1,
^HTS LOGISTICS LLC_85353_43207,239011,3200,3382,1931,85353,43207,2,
^HTS LOGISTICS LLC_85353_43207,238634,3200,3382,1931,85353,43207,3,
^HTS LOGISTICS LLC_85353_43207,239012,3200,3382,1931,85353,43207,4,
^HTS LOGISTICS LLC_85353_43207,238632,3200,3382,1931,85353,43207,5,
^SUPER T TRANSPORT EVENTS DIVISION_84319_89081,238359,2000,859,495,84319,89081,1,
^SUPER T TRANSPORT EVENTS DIVISION_84319_89081,238361,2000,859,495,84319,89081,2,
^SUPER T TRANSPORT EVENTS DIVISION_84319_89081,238360,2000,859,495,84319,89081,3,
^SUPER T TRANSPORT EVENTS DIVISION_83401_84319,237623,500,274,153,83401,84319,1,
EJ LOGISTICS GROUP_80550_77571,238623,2800,1974,1109,80550,77571,1,
EJ LOGISTICS GROUP_75686_84307,238624,3000,2606,1419,75686,84307,1,
EJ LOGISTICS GROUP_85648_76501,239306,2600,1746,982,85648,76501,1,
EJ LOGISTICS GROUP_83318_85621,238868,2800,1853,1025,83318,85621,1,
MILLER COORS_80401_83301,238088,1791,1470,703,80401,83301,1,
MILLER COORS_80401_83301,238939,1791,1470,703,80401,83301,2,
MILLER COORS_80401_83301,238527,1791,1470,703,80401,83301,3,
MILLER COORS_80401_83301,236891,1791,1470,703,80401,83301,4,
CS BEEF PACKERS_83634_84104,239063,1401,706,362,83634,84104,1,
CS BEEF PACKERS_83634_84104,238708,1401,706,362,83634,84104,2,
CS BEEF PACKERS_83634_84404,238241,1286,672,322,83634,84404,1,
CS BEEF PACKERS_83634_84084,239665,1501,722,366,83634,84084,1,
^MOLO LOGISTICS_45067_72701,238483,1550,1321,721,45067,72701,1,
^MOLO LOGISTICS_45067_72701,238858,1550,1321,721,45067,72701,2,
^MOLO LOGISTICS_95301_85350,238697,2000,1831,984,95301,85350,1,
^MOLO LOGISTICS_85355_92251,239229,425,431,236,85355,92251,1,
^ELIASON LOGISTICS LLC_80640_84041,239294,900,1095,522,80640,84041,1,
^ELIASON LOGISTICS LLC_80640_84041,239410,900,1095,522,80640,84041,2,
^ELIASON LOGISTICS LLC_53573_80239,238217,2650,1701,928,53573,80239,1,
^ALLEN LUND - PHOENIX_85353_73128,239472,1850,1739,1006,85353,73128,1,
^ALLEN LUND - PHOENIX_85353_73128,239202,1850,1739,1006,85353,73128,2,
^ALLEN LUND - PHOENIX_85212_84721,239484,1000,905,520,85212,84721,1,
^OPEN ROAD TRANSPORTATION_95688_82007,238555,2800,1945,1122,95688,82007,1,
^OPEN ROAD TRANSPORTATION_95688_82007,238554,2800,1945,1122,95688,82007,2,
^OPEN ROAD TRANSPORTATION_90620_84307,239481,1800,1360,750,90620,84307,1,
^GARRISON LOGISTICS_80011_84101,239130,400,922,524,80011,84101,1,
^GARRISON LOGISTICS_45865_84104,239582,2300,3065,1623,45865,84104,1,
^GARRISON LOGISTICS_83301_85193,238941,2400,1718,906,83301,85193,1,
^ARMSTRONG TRANSPORTATION GROUP_80216_85353,238810,1400,1504,824,80216,85353,1,
^ARMSTRONG TRANSPORTATION GROUP_85193_68502,239322,2800,2336,1291,85193,68502,1,
^ARMSTRONG TRANSPORTATION GROUP_74601_85335,238594,1700,2064,1071,74601,85335,1,
IDAHOAN FOODS TMC_84118_83431,239181,550,436,244,84118,83431,1,
IDAHOAN FOODS TMC_84118_83431,238661,550,436,244,84118,83431,2,
IDAHOAN FOODS TMC_84118_83402,239179,550,402,225,84118,83402,1,
DANONE US LLC_91746_85122,238882,1250,818,415,91746,85122,1,
DANONE US LLC_91746_85122,239475,1250,818,415,91746,85122,2,
"WINCO FOODS, LLC_93307_83716",239461,2378,1574,839,93307,83716,1,
"WINCO FOODS, LLC_93301_83716",238034,2378,1534,836,93301,83716,1,
^TQL_47274_85009,238943,2400,3161,1806,47274,85009,1,
^TQL_85355_84041,238206,1150,1466,717,85355,84041,1,
"^COMMODITY TRANSPORTATION SERVICES, LLC_72764_85706",238886,2300,2032,1162,72764,85706,1,
"^COMMODITY TRANSPORTATION SERVICES, LLC_72764_85706",238885,2300,2032,1162,72764,85706,2,
^DEPLOY SOLUTIONS GROUP_83440_64116,238525,2850,2137,1179,83440,64116,1,
^DEPLOY SOLUTIONS GROUP_83210_74103,239377,3200,2440,1393,83210,74103,1,
ALLENDALE PRODUCE COMPANY_83676_80615,238626,2800,1505,837,83676,80615,1,
ALLENDALE PRODUCE COMPANY_83676_80615,238625,2800,1505,837,83676,80615,2,
^AKI LOGISTICS_61008_85122,239304,2800,3361,1771,61008,85122,1,
^AKI LOGISTICS_61008_85122,239738,2800,3361,1771,61008,85122,2,
^LOADSMITH_84104_99217,238726,2000,1429,726,84104,99217,1,
^LOADSMITH_80401_85379,238663,900,1643,812,80401,85379,1,
HORMEL FOODS_66113_84104,238944,2886,2074,1078,66113,84104,1,
HORMEL FOODS_84104_83716,238414,976,686,341,84104,83716,1,
NORTHWEST WINE_99323_84104,238591,1873,1222,703,99323,84104,1,
NORTHWEST WINE_99323_84104,239414,1873,1222,703,99323,84104,2,
^UPDIKE DIST LOGISTICS_91321_85043,239075,1250,712,396,91321,85043,1,
^UPDIKE DIST LOGISTICS_92335_85260,239447,1100,627,352,92335,85260,1,
BLUE GRACE_93030_76501,239551,4200,2765,1483,93030,76501,1,
BLUE GRACE_77541_38652,238938,1400,1429,715,77541,38652,1,
WAL-MART_93274_85122,238427,2103,1199,603,93274,85122,1,
WAL-MART_84321_85122,238374,2043,1480,801,84321,85122,1,
^ROAR LOGISTICS INC_85353_80010,238182,2100,1464,838,85353,80010,1,
^ROAR LOGISTICS INC_85353_84104,238475,1500,1252,673,85353,84104,1,
^TRANSPLACE STUTTGART_72802_84116,239056,2500,2516,1401,72802,84116,1,
^D & D BROKERS INC_83606_85009,238205,2350,1963,1023,83606,85009,1,
^ALLEN LUND - LOUSIVILLE_46241_85353,238985,2300,3061,1749,46241,85353,1,
^RELIABLE TRANSPORTATION SOLUTIONS LLC_84321_85122,238677,1775,1555,813,84321,85122,1,
TALCO PLASTICS INC_92880_84054,238443,2000,1151,666,92880,84054,1,
^ALLEN LUND - CALI_90040_98001,239572,2600,2113,1150,90040,98001,1,
^TRIBE TRANSPORT_72756_46075,238825,2000,1121,596,72756,46075,1,
^LOADSMART INC._46740_81505,238235,3100,2423,1401,46740,81505,1,
^ENGLAND LOGISTICS_46013_84040,238923,2400,2806,1539,46013,84040,1,
^EASE LOGISTICS_80631_84307,238971,550,975,508,80631,84307,1,
BROULIMS SUPERMARKET_83687_83440,239084,1000,543,302,83687,83440,1,
RUBY ROBINSON COMPANY_83404_64116,239389,2800,2067,1156,83404,64116,1,
"^DIRECT CONNECT LOGISTIX, INC._80651_72830",239103,1600,1654,889,80651,72830,1,
^ALLEN LUND- LITTLE ROCK_92337_98390,239543,2200,2075,1157,92337,98390,1,
^CALIFORNIA FREIGHT SALES_45040_92570,239327,2400,3957,2171,45040,92570,1,
GAMPAC_46124_85353,238124,2800,3155,1783,46124,85353,1,
"^CAPITAL LOGISTICS, LLC_93908_76244",238636,4200,2890,1633,93908,76244,1,
"^AXLE LOGISTICS, LLC_85284_80205",239651,2000,1464,833,85284,80205,1,
^PREMIER LOGISTICS_88101_65802,239194,1600,1160,648,88101,65802,1,
^SOAR TRANSPORTATION_83211_99354,239347,1500,888,511,83211,99354,1,
"^HUB GROUP, INC_85040_84104",239316,1700,1207,671,85040,84104,1,
^SPOT FREIGHT_83314_98390,238711,1500,1058,602,83314,98390,1,
^SUNSET TRANSPORTATION_79072_68715,239524,1400,1252,714,79072,68715,1,
^JEAR LOGISTICS LLC_92154_83716,239353,2500,1858,1053,92154,83716,1,
HORIZON ORGANIC DAIRY_84101_85338,239578,1937,1329,678,84101,85338,1,
NewRedBull_85355_98032,NRB0001,3381,2653,1392,85355,98032,1,
NewRedBull_85355_98032,NRB0002,3381,2653,1392,85355,98032,2,
NewRedBull_85355_98032,NRB0003,3381,2653,1392,85355,98032,3,
NewRedBull_85355_98032,NRB0004,3381,2653,1392,85355,98032,4,
NewRedBull_85355_98032,NRB0005,3381,2653,1392,85355,98032,5,
NewRedBull_85355_98032,NRB0006,3381,2653,1392,85355,98032,6,
NewRedBull_85355_98032,NRB0007,3381,2653,1392,85355,98032,7,
NewRedBull_85355_98032,NRB0008,3381,2653,1392,85355,98032,8,
NewRedBull_85355_98032,NRB0009,3381,2653,1392,85355,98032,9,
NewRedBull_85355_98032,NRB0010,3381,2653,1392,85355,98032,10,
NewRedBull_85355_98032,NRB0011,3381,2653,1392,85355,98032,11,
NewRedBull_85355_98032,NRB0012,3381,2653,1392,85355,98032,12,
NewRedBull_85355_98032,NRB0013,3381,2653,1392,85355,98032,13,
NewRedBull_85355_98032,NRB0014,3381,2653,1392,85355,98032,14,
NewRedBull_85355_98032,NRB0015,3381,2653,1392,85355,98032,15,
NewRedBull_85355_98032,NRB0016,3381,2653,1392,85355,98032,16,
NewRedBull_85355_98032,NRB0017,3381,2653,1392,85355,98032,17,
NewRedBull_85355_98032,NRB0018,3381,2653,1392,85355,98032,18,
NewRedBull_85355_98032,NRB0019,3381,2653,1392,85355,98032,19,
NewRedBull_85355_98032,NRB0020,3381,2653,1392,85355,98032,20,
NewRedBull_85355_98032,NRB0021,3381,2653,1392,85355,98032,21,
NewRedBull_85355_98032,NRB0022,3381,2653,1392,85355,98032,22,
NewRedBull_85355_98032,NRB0023,3381,2653,1392,85355,98032,23,
NewRedBull_85355_98032,NRB0024,3381,2653,1392,85355,98032,24,
NewRedBull_85355_98032,NRB0025,3381,2653,1392,85355,98032,25,
NewRedBull_85355_98032,NRB0026,3381,2653,1392,85355,98032,26,
NewRedBull_85355_98032,NRB0027,3381,2653,1392,85355,98032,27,
NewRedBull_85355_98032,NRB0028,3381,2653,1392,85355,98032,28,
NewRedBull_85355_98032,NRB0029,3381,2653,1392,85355,98032,29,
NewRedBull_85355_98032,NRB0030,3381,2653,1392,85355,98032,30,
NewRedBull_85355_97013,NRB0031,3111,2429,1270,85355,97013,1,
NewRedBull_85355_97013,NRB0032,3111,2429,1270,85355,97013,2,
NewRedBull_85355_97013,NRB0033,3111,2429,1270,85355,97013,3,
NewRedBull_85355_97013,NRB0034,3111,2429,1270,85355,97013,4,
NewRedBull_85355_97013,NRB0035,3111,2429,1270,85355,97013,5,
NewRedBull_85355_97013,NRB0036,3111,2429,1270,85355,97013,6,
NewRedBull_85355_97013,NRB0037,3111,2429,1270,85355,97013,7,
NewRedBull_85355_97013,NRB0038,3111,2429,1270,85355,97013,8,
NewRedBull_85355_97013,NRB0039,3111,2429,1270,85355,97013,9,
NewRedBull_85355_97013,NRB0040,3111,2429,1270,85355,97013,10,
NewRedBull_85355_97013,NRB0041,3111,2429,1270,85355,97013,11,
NewRedBull_85355_97013,NRB0042,3111,2429,1270,85355,97013,12,
NewRedBull_85355_97013,NRB0043,3111,2429,1270,85355,97013,13,
NewRedBull_85355_97013,NRB0044,3111,2429,1270,85355,97013,14,
NewRedBull_85355_97013,NRB0045,3111,2429,1270,85355,97013,15,
NewRedBull_85355_97013,NRB0046,3111,2429,1270,85355,97013,16,
NewRedBull_85355_97013,NRB0047,3111,2429,1270,85355,97013,17,
NewRedBull_85355_97013,NRB0048,3111,2429,1270,85355,97013,18,
NewRedBull_85355_97013,NRB0049,3111,2429,1270,85355,97013,19,
NewRedBull_85355_97013,NRB0050,3111,2429,1270,85355,97013,20,
NewRedBull_85355_97013,NRB0051,3111,2429,1270,85355,97013,21,
NewRedBull_85355_97013,NRB0052,3111,2429,1270,85355,97013,22,
NewRedBull_85355_97013,NRB0053,3111,2429,1270,85355,97013,23,
NewRedBull_85355_97013,NRB0054,3111,2429,1270,85355,97013,24,
NewRedBull_85355_97013,NRB0055,3111,2429,1270,85355,97013,25,
NewRedBull_85355_97013,NRB0056,3111,2429,1270,85355,97013,26,
NewRedBull_85355_97013,NRB0057,3111,2429,1270,85355,97013,27,
NewRedBull_85355_97013,NRB0058,3111,2429,1270,85355,97013,28,
NewRedBull_85355_83854,NRB0059,3147,2456,1284,85355,83854,1,
NewRedBull_85355_83854,NRB0060,3147,2456,1284,85355,83854,2,
NewRedBull_85355_83854,NRB0061,3147,2456,1284,85355,83854,3,
NewRedBull_85355_83854,NRB0062,3147,2456,1284,85355,83854,4,
NewRedBull_85355_83854,NRB0063,3147,2456,1284,85355,83854,5,
NewRedBull_85355_83854,NRB0064,3147,2456,1284,85355,83854,6,
NewRedBull_85355_83854,NRB0065,3147,2456,1284,85355,83854,7,
NewRedBull_85355_83854,NRB0066,3147,2456,1284,85355,83854,8,
NewRedBull_85355_83854,NRB0067,3147,2456,1284,85355,83854,9,
NewRedBull_85355_83854,NRB0068,3147,2456,1284,85355,83854,10,
NewRedBull_85355_83854,NRB0069,3147,2456,1284,85355,83854,11,
NewRedBull_85355_83854,NRB0070,3147,2456,1284,85355,83854,12,
NewRedBull_85355_83854,NRB0071,3147,2456,1284,85355,83854,13,
NewRedBull_85355_83854,NRB0072,3147,2456,1284,85355,83854,14,
NewRedBull_85355_83854,NRB0073,3147,2456,1284,85355,83854,15,
NewRedBull_85355_83854,NRB0074,3147,2456,1284,85355,83854,16,
NewRedBull_85355_83854,NRB0075,3147,2456,1284,85355,83854,17,
NewRedBull_85355_83854,NRB0076,3147,2456,1284,85355,83854,18,
NewRedBull_85355_83854,NRB0077,3147,2456,1284,85355,83854,19,
NewRedBull_85355_83854,NRB0078,3147,2456,1284,85355,83854,20,
NewRedBull_85355_83854,NRB0079,3147,2456,1284,85355,83854,21,
NewRedBull_85355_83854,NRB0080,3147,2456,1284,85355,83854,22,
NewRedBull_85355_83854,NRB0081,3147,2456,1284,85355,83854,23,
NewRedBull_85355_83854,NRB0082,3147,2456,1284,85355,83854,24,
NewRedBull_85355_83716,NRB0083,2139,1731,891,85355,83716,25,
NewRedBull_85355_83716,NRB0084,2139,1731,891,85355,83716,26,
NewRedBull_85355_83716,NRB0085,2139,1731,891,85355,83716,27,
NewRedBull_85355_83716,NRB0086,2139,1731,891,85355,83716,28,
NewRedBull_85355_83716,NRB0087,2139,1731,891,85355,83716,29,
NewRedBull_85355_83716,NRB0088,2139,1731,891,85355,83716,30,
NewRedBull_85355_83716,NRB0089,2139,1731,891,85355,83716,31,
NewRedBull_85355_83716,NRB0090,2139,1731,891,85355,83716,32,
NewRedBull_85355_83716,NRB0091,2139,1731,891,85355,83716,33,
NewRedBull_85355_83716,NRB0092,2139,1731,891,85355,83716,34,
NewRedBull_85355_83716,NRB0093,2139,1731,891,85355,83716,35,
NewRedBull_85355_83716,NRB0094,2139,1731,891,85355,83716,36,
NewRedBull_85355_83716,NRB0095,2139,1731,891,85355,83716,37,
NewRedBull_85355_83716,NRB0096,2139,1731,891,85355,83716,38,
NewRedBull_85355_83716,NRB0097,2139,1731,891,85355,83716,39,
NewRedBull_85355_83716,NRB0098,2139,1731,891,85355,83716,40,
NewRedBull_85355_83716,NRB0099,2139,1731,891,85355,83716,41,
NewRedBull_85355_83716,NRB0100,2139,1731,891,85355,83716,42,
NewRedBull_85355_83716,NRB0101,2139,1731,891,85355,83716,43,
NewRedBull_85355_83716,NRB0102,2139,1731,891,85355,83716,44,
NewRedBull_85355_83716,NRB0103,2139,1731,891,85355,83716,45,
NewRedBull_85355_83716,NRB0104,2139,1731,891,85355,83716,46,
NewRedBull_85355_83716,NRB0105,2139,1731,891,85355,83716,47,
NewRedBull_85355_83716,NRB0106,2139,1731,891,85355,83716,48,
NewRedBull_85355_98203,NRB0107,3510,2687,1410,85355,98203,1,
NewRedBull_85355_98203,NRB0108,3510,2687,1410,85355,98203,2,
NewRedBull_85355_98203,NRB0109,3510,2687,1410,85355,98203,3,
NewRedBull_85355_98203,NRB0110,3510,2687,1410,85355,98203,4,
NewRedBull_85355_98203,NRB0111,3510,2687,1410,85355,98203,5,
NewRedBull_85355_98203,NRB0112,3510,2687,1410,85355,98203,6,
NewRedBull_85355_98203,NRB0113,3510,2687,1410,85355,98203,7,
NewRedBull_85355_98203,NRB0114,3510,2687,1410,85355,98203,8,
NewRedBull_85355_98203,NRB0115,3510,2687,1410,85355,98203,9,
NewRedBull_85355_98203,NRB0116,3510,2687,1410,85355,98203,10,
NewRedBull_85355_98203,NRB0117,3510,2687,1410,85355,98203,11,
NewRedBull_85355_98203,NRB0118,3510,2687,1410,85355,98203,12,
NewRedBull_85355_98203,NRB0119,3510,2687,1410,85355,98203,13,
NewRedBull_85355_98203,NRB0120,3510,2687,1410,85355,98203,14,
NewRedBull_85355_98203,NRB0121,3510,2687,1410,85355,98203,15,
NewRedBull_85355_98203,NRB0122,3510,2687,1410,85355,98203,16,
NewRedBull_85355_98001,NRB0123,3383,2654,1392,85355,98001,17,
NewRedBull_85355_98001,NRB0124,3383,2654,1392,85355,98001,18,
NewRedBull_85355_98001,NRB0125,3383,2654,1392,85355,98001,19,
NewRedBull_85355_98001,NRB0126,3383,2654,1392,85355,98001,20,
NewRedBull_85355_98001,NRB0127,3383,2654,1392,85355,98001,21,
NewRedBull_85355_98001,NRB0128,3383,2654,1392,85355,98001,22,
NewRedBull_85355_98001,NRB0129,3383,2654,1392,85355,98001,23,
NewRedBull_85355_98001,NRB0130,3383,2654,1392,85355,98001,24,
NewRedBull_85355_98001,NRB0131,3383,2654,1392,85355,98001,25,
NewRedBull_85355_98001,NRB0132,3383,2654,1392,85355,98001,26,
NewRedBull_85355_98001,NRB0133,3383,2654,1392,85355,98001,27,
NewRedBull_85355_98001,NRB0134,3383,2654,1392,85355,98001,28,
NewRedBull_85355_98001,NRB0135,3383,2654,1392,85355,98001,29,
NewRedBull_85355_98001,NRB0136,3383,2654,1392,85355,98001,30,
NewRedBull_85355_98001,NRB0137,3383,2654,1392,85355,98001,31,
NewRedBull_85355_98001,NRB0138,3383,2654,1392,85355,98001,32,
NewRedBull_85355_84104,NRB0139,1638,1291,653,85355,84104,33,
NewRedBull_85355_84104,NRB0140,1638,1291,653,85355,84104,34,
NewRedBull_85355_84104,NRB0141,1638,1291,653,85355,84104,35,
NewRedBull_85355_84104,NRB0142,1638,1291,653,85355,84104,36,
NewRedBull_85355_84104,NRB0143,1638,1291,653,85355,84104,37,
NewRedBull_85355_84104,NRB0144,1638,1291,653,85355,84104,38,
NewRedBull_85355_84104,NRB0145,1638,1291,653,85355,84104,39,
NewRedBull_85355_84104,NRB0146,1638,1291,653,85355,84104,40,
NewRedBull_85355_84104,NRB0147,1638,1291,653,85355,84104,41,
NewRedBull_85355_84104,NRB0148,1638,1291,653,85355,84104,42,
NewRedBull_85355_84104,NRB0149,1638,1291,653,85355,84104,43,
NewRedBull_85355_84104,NRB0150,1638,1291,653,85355,84104,44,
NewRedBull_85355_84104,NRB0151,1638,1291,653,85355,84104,45,
NewRedBull_85355_84104,NRB0152,1638,1291,653,85355,84104,46,
NewRedBull_85355_84104,NRB0153,1638,1291,653,85355,84104,47,
NewRedBull_85355_84104,NRB0154,1638,1291,653,85355,84104,48,
NewRedBull_85355_87105,NRB0155,1763,955,470,85355,87105,1,
NewRedBull_85355_87105,NRB0156,1763,955,470,85355,87105,2,
NewRedBull_85355_87105,NRB0157,1763,955,470,85355,87105,3,
NewRedBull_85355_87105,NRB0158,1763,955,470,85355,87105,4,
NewRedBull_85355_87105,NRB0159,1763,955,470,85355,87105,5,
NewRedBull_85355_87105,NRB0160,1763,955,470,85355,87105,6,
NewRedBull_85355_87105,NRB0161,1763,955,470,85355,87105,7,
NewRedBull_85355_87105,NRB0162,1763,955,470,85355,87105,8,
NewRedBull_85355_87105,NRB0163,1763,955,470,85355,87105,9,
NewRedBull_85355_87105,NRB0164,1763,955,470,85355,87105,10,
NewRedBull_85355_87105,NRB0165,1763,955,470,85355,87105,11,
NewRedBull_85355_87105,NRB0166,1763,955,470,85355,87105,12,
NewRedBull_85355_87105,NRB0167,1763,955,470,85355,87105,13,
NewRedBull_85355_87105,NRB0168,1763,955,470,85355,87105,14,
NewRedBull_85355_59701,NRB0169,3022,2057,1068,85355,59701,1,
NewRedBull_85355_59701,NRB0170,3022,2057,1068,85355,59701,2,
NewRedBull_85355_59701,NRB0171,3022,2057,1068,85355,59701,3,
NewRedBull_85355_59701,NRB0172,3022,2057,1068,85355,59701,4,
NewRedBull_85355_59701,NRB0173,3022,2057,1068,85355,59701,5,
NewRedBull_85355_59701,NRB0174,3022,2057,1068,85355,59701,6,
NewRedBull_85355_59701,NRB0175,3022,2057,1068,85355,59701,7,
NewRedBull_85355_59701,NRB0176,3022,2057,1068,85355,59701,8,
NewRedBull_85355_59701,NRB0177,3022,2057,1068,85355,59701,9,
NewRedBull_85355_59701,NRB0178,3022,2057,1068,85355,59701,10,
NewRedBull_85355_85226,NRB0179,450,170,45,85355,85226,11,
NewRedBull_85355_85226,NRB0180,450,170,45,85355,85226,12,
NewRedBull_85355_85226,NRB0181,450,170,45,85355,85226,13,
NewRedBull_85355_85226,NRB0182,450,170,45,85355,85226,14,
NewRedBull_85355_85226,NRB0183,450,170,45,85355,85226,15,
NewRedBull_85355_85226,NRB0184,450,170,45,85355,85226,16,
NewRedBull_85355_85226,NRB0185,450,170,45,85355,85226,17,
NewRedBull_85355_85226,NRB0186,450,170,45,85355,85226,18,
NewRedBull_85355_85226,NRB0187,450,170,45,85355,85226,19,
NewRedBull_85355_85226,NRB0188,450,170,45,85355,85226,20,
NewRedBull_85355_99336,NRB0189,2806,2243,1169,85355,99336,1,
NewRedBull_85355_99336,NRB0190,2806,2243,1169,85355,99336,2,
NewRedBull_85355_99336,NRB0191,2806,2243,1169,85355,99336,3,
NewRedBull_85355_99336,NRB0192,2806,2243,1169,85355,99336,4,
NewRedBull_85355_99336,NRB0193,2806,2243,1169,85355,99336,5,
NewRedBull_85355_99336,NRB0194,2806,2243,1169,85355,99336,6,
NewRedBull_85355_99336,NRB0195,2806,2243,1169,85355,99336,7,
NewRedBull_85355_99336,NRB0196,2806,2243,1169,85355,99336,8,
NewRedBull_85355_98801,NRB0197,3119,2484,1300,85355,98801,1,
NewRedBull_85355_98801,NRB0198,3119,2484,1300,85355,98801,2,
NewRedBull_85355_98801,NRB0199,3119,2484,1300,85355,98801,3,
NewRedBull_85355_98801,NRB0200,3119,2484,1300,85355,98801,4,
NewRedBull_85355_98801,NRB0201,3119,2484,1300,85355,98801,5,
NewRedBull_85355_98801,NRB0202,3119,2484,1300,85355,98801,6,
NewRedBull_85355_98801,NRB0203,3119,2484,1300,85355,98801,7,
NewRedBull_85355_80249,NRB0204,2451,1589,814,85355,80249,1,
NewRedBull_85355_80249,NRB0205,2451,1589,814,85355,80249,2,
NewRedBull_85355_80249,NRB0206,2451,1589,814,85355,80249,3,
NewRedBull_85355_80249,NRB0207,2451,1589,814,85355,80249,4,
NewRedBull_85355_80249,NRB0208,2451,1589,814,85355,80249,5,
NewRedBull_85355_80249,NRB0209,2451,1589,814,85355,80249,6,
NewRedBull_85355_88203,NRB0210,2284,1211,609,85355,88203,7,
NewRedBull_85355_88203,NRB0211,2284,1211,609,85355,88203,8,
NewRedBull_85355_88203,NRB0212,2284,1211,609,85355,88203,9,
NewRedBull_85355_88203,NRB0213,2284,1211,609,85355,88203,10,
NewRedBull_85355_88203,NRB0214,2284,1211,609,85355,88203,11,
NewRedBull_85355_88203,NRB0215,2284,1211,609,85355,88203,12,
NewRedBull_85355_98661,NRB0216,3158,2464,1289,85355,98661,1,
NewRedBull_85355_98661,NRB0217,3158,2464,1289,85355,98661,2,
NewRedBull_85355_98661,NRB0218,3158,2464,1289,85355,98661,3,
NewRedBull_85355_98661,NRB0219,3158,2464,1289,85355,98661,4,
NewRedBull_85355_98661,NRB0220,3158,2464,1289,85355,98661,5,
NewRedBull_85355_98901,NRB0221,2977,2375,1241,85355,98901,6,
NewRedBull_85355_98901,NRB0222,2977,2375,1241,85355,98901,7,
NewRedBull_85355_98901,NRB0223,2977,2375,1241,85355,98901,8,
NewRedBull_85355_98901,NRB0224,2977,2375,1241,85355,98901,9,
NewRedBull_85355_98901,NRB0225,2977,2375,1241,85355,98901,10,
NewRedBull_85355_79404,NRB0226,1946,1442,734,85355,79404,11,
NewRedBull_85355_79404,NRB0227,1946,1442,734,85355,79404,12,
NewRedBull_85355_79404,NRB0228,1946,1442,734,85355,79404,13,
NewRedBull_85355_79404,NRB0229,1946,1442,734,85355,79404,14,
NewRedBull_85355_79404,NRB0230,1946,1442,734,85355,79404,15,
NewRedBull_85355_98512,NRB0231,3296,2652,1391,85355,98512,1,
NewRedBull_85355_98512,NRB0232,3296,2652,1391,85355,98512,2,
NewRedBull_85355_98512,NRB0233,3296,2652,1391,85355,98512,3,
NewRedBull_85355_98512,NRB0234,3296,2652,1391,85355,98512,4,
NewRedBull_85355_97478,NRB0235,3061,2267,1182,85355,97478,5,
NewRedBull_85355_97478,NRB0236,3061,2267,1182,85355,97478,6,
NewRedBull_85355_97478,NRB0237,3061,2267,1182,85355,97478,7,
NewRedBull_85355_97478,NRB0238,3061,2267,1182,85355,97478,8,
NewRedBull_85355_66618,NRB0239,2591,2269,1172,85355,66618,9,
NewRedBull_85355_66618,NRB0240,2591,2269,1172,85355,66618,10,
NewRedBull_85355_66618,NRB0241,2591,2269,1172,85355,66618,11,
NewRedBull_85355_66618,NRB0242,2591,2269,1172,85355,66618,12,
NewRedBull_85355_97702,NRB0243,3139,2185,1137,85355,97702,13,
NewRedBull_85355_97702,NRB0244,3139,2185,1137,85355,97702,14,
NewRedBull_85355_97702,NRB0245,3139,2185,1137,85355,97702,15,
NewRedBull_85355_97702,NRB0246,3139,2185,1137,85355,97702,16,
NewRedBull_85355_87507,NRB0247,1988,1065,530,85355,87507,17,
NewRedBull_85355_87507,NRB0248,1988,1065,530,85355,87507,18,
NewRedBull_85355_87507,NRB0249,1988,1065,530,85355,87507,19,
NewRedBull_85355_87507,NRB0250,1988,1065,530,85355,87507,20,
NewRedBull_85355_72209,NRB0251,2972,2523,1321,85355,72209,1,
NewRedBull_85355_72209,NRB0252,2972,2523,1321,85355,72209,2,
NewRedBull_85355_72209,NRB0253,2972,2523,1321,85355,72209,3,
NewRedBull_85355_79765,NRB0254,1894,1406,715,85355,79765,4,
NewRedBull_85355_79765,NRB0255,1894,1406,715,85355,79765,5,
NewRedBull_85355_79765,NRB0256,1894,1406,715,85355,79765,6,
NewRedBull_85355_79907,NRB0257,1840,936,460,85355,79907,7,
NewRedBull_85355_79907,NRB0258,1840,936,460,85355,79907,8,
NewRedBull_85355_79907,NRB0259,1840,936,460,85355,79907,9,
NewRedBull_85355_85705,NRB0260,269,336,135,85355,85705,10,
NewRedBull_85355_85705,NRB0261,269,336,135,85355,85705,11,
NewRedBull_85355_85705,NRB0262,269,336,135,85355,85705,12,
NewRedBull_85355_98370,NRB0263,3434,2774,1449,85355,98370,1,
NewRedBull_85355_98370,NRB0264,3434,2774,1449,85355,98370,2,
NewRedBull_85355_98520,NRB0265,3373,2711,1423,85355,98520,3,
NewRedBull_85355_98520,NRB0266,3373,2711,1423,85355,98520,4,
NewRedBull_85355_68110,NRB0267,2883,2450,1281,85355,68110,5,
NewRedBull_85355_68110,NRB0268,2883,2450,1281,85355,68110,6,
NewRedBull_85355_97230,NRB0269,3063,2441,1276,85355,97230,7,
NewRedBull_85355_97230,NRB0270,3063,2441,1276,85355,97230,8,
NewRedBull_85355_68507,NRB0271,2807,2388,1248,85355,68507,9,
NewRedBull_85355_68507,NRB0272,2807,2388,1248,85355,68507,10,
NewRedBull_85355_66109,NRB0273,2689,2344,1217,85355,66109,11,
NewRedBull_85355_66109,NRB0274,2689,2344,1217,85355,66109,12,
NewRedBull_85355_72764,NRB0275,2677,2309,1190,85355,72764,13,
NewRedBull_85355_72764,NRB0276,2677,2309,1190,85355,72764,14,
NewRedBull_85355_68801,NRB0277,2630,2243,1169,85355,68801,15,
NewRedBull_85355_68801,NRB0278,2630,2243,1169,85355,68801,16,
NewRedBull_85355_97801,NRB0279,2573,2132,1109,85355,97801,17,
NewRedBull_85355_97801,NRB0280,2573,2132,1109,85355,97801,18,
NewRedBull_85355_67401,NRB0281,2429,2043,1061,85355,67401,19,
NewRedBull_85355_67401,NRB0282,2429,2043,1061,85355,67401,20,
NewRedBull_85355_80504,NRB0283,2475,1604,822,85355,80504,21,
NewRedBull_85355_80504,NRB0284,2475,1604,822,85355,80504,22,
NewRedBull_85355_80916,NRB0285,2299,1496,764,85355,80916,23,
NewRedBull_85355_80916,NRB0286,2299,1496,764,85355,80916,24,
NewRedBull_85355_79106,NRB0287,1915,1420,723,85355,79106,25,
NewRedBull_85355_79106,NRB0288,1915,1420,723,85355,79106,26,
NewRedBull_85355_84404,NRB0289,1744,1359,689,85355,84404,27,
NewRedBull_85355_84404,NRB0290,1744,1359,689,85355,84404,28,
NewRedBull_85355_84116,NRB0291,1566,1291,653,85355,84116,29,
NewRedBull_85355_84116,NRB0292,1566,1291,653,85355,84116,30,
NewRedBull_85355_84663,NRB0293,1522,1206,606,85355,84663,31,
NewRedBull_85355_84663,NRB0294,1522,1206,606,85355,84663,32,
NewRedBull_85355_85034,NRB0295,400,129,22,85355,85034,33,
NewRedBull_85355_85034,NRB0296,400,129,22,85355,85034,34,
NewRedBull_85355_85043,NRB0297,400,129,22,85355,85043,35,
NewRedBull_85355_85043,NRB0298,400,129,22,85355,85043,36,
NewRedBull_85355_85353,NRB0299,400,121,18,85355,85353,37,
NewRedBull_85355_85353,NRB0300,400,121,18,85355,85353,38,
NewRedBull_85355_85338,NRB0301,400,109,11,85355,85338,39,
NewRedBull_85355_85338,NRB0302,400,109,11,85355,85338,40,
NewRedBull_85355_85395,NRB0303,400,109,11,85355,85395,41,
NewRedBull_85355_85395,NRB0304,400,109,11,85355,85395,42,
NewRedBull_85355_98327,NRB0305,3238,2698,1408,85355,98327,1,
NewRedBull_85355_68138,NRB0306,2883,2450,1281,85355,68138,2,
NewRedBull_85355_68701,NRB0307,2867,2437,1274,85355,68701,3,
NewRedBull_85355_72901,NRB0308,2610,2226,1160,85355,72901,4,
NewRedBull_85355_80751,NRB0309,2762,1780,918,85355,80751,5,
NewRedBull_85355_80019,NRB0310,2751,1773,914,85355,80019,6,
NewRedBull_85355_80238,NRB0311,2451,1589,814,85355,80238,7,
NewRedBull_85355_80229,NRB0312,2451,1589,814,85355,80229,8,
NewRedBull_85355_80120,NRB0313,2369,1539,787,85355,80120,9,
NewRedBull_85355_81001,NRB0314,2207,1440,733,85355,81001,10,
NewRedBull_85355_79915,NRB0315,1840,936,460,85355,79915,11,