KEY,AggLoadID,AggTotalRev,AggLdCost,AggLdMiles,AggOrgZip,AggDstZip,MARGIN_RANK
ACOFOR5512355777,230483,700,431,205,55123,55777,1
AMETUC5580679760,229755,4500,2786,1398,55806,79760,1
AMETUC5580679760,228052,4500,2786,1398,55806,79760,2
AMETUC5580679760,228616,4500,2786,1398,55806,79760,3
AMETUC5580679760,227607,4500,2786,1398,55806,79760,4
AMETUC5580679760,227710,4500,2786,1398,55806,79760,5
AMETUC5580679760,228618,4500,2786,1398,55806,79760,6
AMETUC5580679760,227305,4500,2786,1398,55806,79760,7
AMTADD5240454474,230525,800,634,313,52404,54474,1
AMTADD6571153532,227910,1500,1126,554,65711,53532,1
AMUCLO5537954880,228966,612,383,177,55379,54880,1
AMUCLO5537954880,227813,612,383,177,55379,54880,2
AMUCLO5537954880,229176,612,383,177,55379,54880,3
AMUCLO5537954880,230109,612,383,177,55379,54880,4
AMUCLO5537954880,228369,612,383,177,55379,54880,5
AMUCLO5537954880,227811,612,383,177,55379,54880,6
AMUCLO5537954880,228006,612,383,177,55379,54880,7
AMUCLO5537954880,228163,612,383,177,55379,54880,8
AMUCLO5537954880,229178,612,383,177,55379,54880,9
AMUCLO5537954880,228582,612,383,177,55379,54880,10
AMUCLO5537954880,228370,612,383,177,55379,54880,11
AMUCLO5537954880,228712,612,383,177,55379,54880,12
ANDAND1631440218,230146,1400,909,449,16314,40218,1
ANDAND1631440218,230136,1400,909,449,16314,40218,2
ANNNEW3891542633,229807,1100,867,419,38915,42633,1
ARIBIR6134154847,229365,1000,972,482,61341,54847,1
ARLMOO5605855108,230394,360,159,65,56058,55108,1
ARMCHA0421055352,229952,3700,3208,1561,4210,55352,1
ATLOSS4978355369,227762,3300,1072,526,49783,55369,1
ATSSAI2950119112,230366,2000,1279,547,29501,19112,1
ATSSAI3056719047,229422,1700,1565,753,30567,19047,1
ATSSAI3056719047,229558,1700,1565,753,30567,19047,2
ATSSAI3717250542,227687,1800,1485,729,37172,50542,1
ATSSAI3974654017,228278,2000,1954,989,39746,54017,1
ATSSAI8560756308,229568,2500,3092,1608,85607,56308,1
AWCHOL6304467037,230697,1200,885,444,63044,67037,1
AXLKNO4790576033,228561,2250,1944,982,47905,76033,1
AXLKNO5320277449,228611,2100,2438,1209,53202,77449,1
BARSUP4634254880,228553,2081,1103,510,46342,54880,1
BARSUP5488039332,227879,3576,2421,1212,54880,39332,1
BARSUP5488039332,229931,3576,2421,1212,54880,39332,2
BARSUP5510149908,228607,2021,725,357,55101,49908,1
BARSUP5510149908,226134,2021,725,357,55101,49908,2
BARSUP5510149908,229074,2021,725,357,55101,49908,3
BARSUP5510149908,226135,2021,725,357,55101,49908,4
BARSUP5510149908,229075,2021,725,357,55101,49908,5
BARSUP5510149908,229913,2021,725,357,55101,49908,6
BARSUP5510149908,227682,2021,725,357,55101,49908,7
BARSUP5541649908,229382,2024,738,364,55416,49908,1
BARSUP5541649908,229376,2024,738,364,55416,49908,2
BARSUP5541649908,224802,2024,738,364,55416,49908,3
BARSUP5541649908,227420,2024,738,364,55416,49908,4
BARSUP5541649908,227418,2024,738,364,55416,49908,5
BARSUP5541649908,227419,2024,738,364,55416,49908,6
BARSUP5541654201,229769,2146,646,313,55416,54201,1
BARSUP5541654201,229768,2146,646,313,55416,54201,2
BARSUP5543454880,228810,600,345,149,55434,54880,1
BARSUP5543454880,228809,600,345,149,55434,54880,2
BEDDAL7548672472,228841,1100,831,384,75486,72472,1
BEDDAL7616451105,229997,1700,1461,742,76164,51105,1
BENMCD5857256258,228613,725,765,369,58572,56258,1
BESKER5110531321,228677,2550,2522,1303,51105,31321,1
BIELET3550155109,230204,2200,1945,1005,35501,55109,1
BIELET7146572751,228042,1150,945,440,71465,72751,1
BIELET7664573102,230256,475,524,255,76645,73102,1
BLAGRA5351155730,230201,1250,910,453,53511,55730,1
BLURIV4816178045,227683,3000,3116,1577,48161,78045,1
BRESAI5986856431,229021,2200,2192,1130,59868,56431,1
BRESAI7003256387,227752,2900,2542,1295,70032,56387,1
BUCFOR8105024050,228197,2300,3003,1487,81050,24050,1
BUDBIR3651343326,228957,2000,1614,810,36513,43326,1
BUITWO5340355616,228863,1234,902,452,53403,55616,1
BUITWO5340355616,230731,1234,902,452,53403,55616,2
BUITWO5561668122,229171,1922,1109,563,55616,68122,1
CAPPEN3563055450,230378,1700,1822,939,35630,55450,1
CARCAL5512656474,226830,525,370,163,55126,56474,1
CARCAL5512656474,226832,525,370,163,55126,56474,2
CARCAL5512656474,228211,525,370,163,55126,56474,3
CARCON3140877041,229221,1800,1971,1008,31408,77041,1
CARCON4934952726,229728,1100,763,380,49349,52726,1
CARCON6314692250,228484,3900,3541,1734,63146,92250,1
CAREMO5664955806,229492,1200,341,165,56649,55806,1
CAREMO5664955806,228777,1200,341,165,56649,55806,2
CAREMO5664955806,230923,1200,341,165,56649,55806,3
CAREMO5664955806,229491,1200,341,165,56649,55806,4
CAREMO5664955806,230925,1200,341,165,56649,55806,5
CAREMO5664955806,228858,1200,341,165,56649,55806,6
CAROLA9074559452,228511,2400,2500,1259,90745,59452,1
CASGRA1950455730,230081,3775,2727,1293,19504,55730,1
CASGRA1950455730,230022,3775,2727,1293,19504,55730,2
CASGRA1950455730,230021,3775,2727,1293,19504,55730,3
CATPEO011723329169,229732,1495,1045,532,17233,29169,1
CATPEO011723332092,228259,2497,1703,846,17233,32092,1
CATPEO011723332413,228314,2867,1902,971,17233,32413,1
CATPEO011723332413,228221,2867,1902,971,17233,32413,2
CATPEO011723332413,228453,2867,1902,971,17233,32413,3
CATPEO011723332413,228317,2867,1902,971,17233,32413,4
CATPEO011723332413,228316,2867,1902,971,17233,32413,5
CATPEO011723333578,228260,2964,2008,1004,17233,33578,1
CATPEO011723340210,228850,1500,1111,521,17233,40210,1
CATPEO011723340510,227424,1329,945,462,17233,40510,1
CATPEO011723342701,229347,1567,1069,546,17233,42701,1
CATPEO011723352403,228257,2411,1866,837,17233,52403,1
CATPEO011723352802,230368,2176,1693,757,17233,52802,1
CATPEO011723354476,228848,2474,2009,884,17233,54476,1
CATPEO012122540510,229727,1766,1105,540,21225,40510,1
CATPEO012122540510,227695,1766,1105,540,21225,40510,2
CATPEO012122540510,227693,1766,1105,540,21225,40510,3
CATPEO012122542101,228114,1988,1352,690,21225,42101,1
CATPEO012122552403,227060,3375,2625,1155,21225,52403,1
CATPEO012122552802,228890,2853,2112,945,21225,52802,1
CATPEO012122552802,228839,2853,2112,945,21225,52802,2
CATPEO012122552802,228770,2853,2112,945,21225,52802,3
CATPEO012122552802,227694,2853,2112,945,21225,52802,4
CATPEO012733241035,227468,1987,1249,563,27332,41035,1
CATPEO012733241094,230600,1713,1115,538,27332,41094,1
CATPEO012733241102,230599,1219,813,378,27332,41102,1
CATPEO012733250009,228407,3214,2200,1078,27332,50009,1
CATPEO012733250009,229444,3214,2200,1078,27332,50009,2
CATPEO012733253202,229921,2786,1957,931,27332,53202,1
CATPEO012733253202,230426,2786,1957,931,27332,53202,2
CATPEO012733253202,229920,2786,1957,931,27332,53202,3
CATPEO012733253202,227603,2786,1957,931,27332,53202,4
CATPEO012733253714,227467,3067,2049,947,27332,53714,1
CATPEO012733255713,228662,4329,3038,1487,27332,55713,1
CATPEO012733255713,228410,4329,3038,1487,27332,55713,2
CATPEO012733256601,228246,3522,3297,1587,27332,56601,1
CATPEO012733258201,229919,4857,3326,1621,27332,58201,1
CATPEO012733258201,229601,4857,3326,1621,27332,58201,2
CATPEO012733258301,229442,4794,3241,1604,27332,58301,1
CATPEO012733258501,227602,5395,3737,1811,27332,58501,1
CATPEO012733258703,227348,5363,3691,1792,27332,58703,1
CATPEO012733260448,228409,2255,1585,785,27332,60448,1
CATPEO012733260448,227466,2255,1585,785,27332,60448,2
CATPEO013060121773,230202,2026,1251,613,30601,21773,1
CATPEO013060121773,228510,2026,1251,613,30601,21773,2
CATPEO013060149646,227570,3212,2418,1163,30601,49646,1
CATPEO013060155038,229128,3893,2454,1244,30601,55038,1
CATPEO013060155038,229930,3893,2454,1244,30601,55038,2
CATPEO013060155379,229219,3688,2392,1208,30601,55379,1
CATPEO013060155438,227932,3761,2481,1194,30601,55438,1
CATPEO013060157107,228899,4357,2505,1266,30601,57107,1
CATPEO013060157702,230016,5510,3146,1613,30601,57702,1
CATPEO015533017522,229670,3966,2558,1230,55330,17522,1
CATPEO015533029169,227818,3227,2517,1235,55330,29169,1
CATPEO015533029681,228706,3030,2333,1156,55330,29681,1
CATPEO015533040210,227817,2128,1539,740,55330,40210,1
CATPEO015533040210,230276,2128,1539,740,55330,40210,2
CATPEO015533054476,229967,952,435,219,55330,54476,1
CATPEO015533056537,228720,1276,409,195,55330,56537,1
CATPEO016043331523,229934,2753,2027,1044,60433,31523,1
CATPEO017670450401,228170,2564,1915,950,76704,50401,1
CATPEO017670490601,228438,4591,3001,1525,76704,90601,1
CATPEO017786861548,228239,2371,1988,1001,77868,61548,1
CATPEO017786861548,228533,2371,1988,1001,77868,61548,2
CATPEO017786861548,227498,2371,1988,1001,77868,61548,3
CATPEO017786861548,228240,2371,1988,1001,77868,61548,4
CATPEO017786861548,230417,2371,1988,1001,77868,61548,5
CATPEO017786861548,230075,2371,1988,1001,77868,61548,6
CATPEO017790508854,228667,4200,3340,1728,77905,8854,1
CATPEO017790520695,229014,3963,3015,1544,77905,20695,1
CATPEO017790540701,230160,2701,2219,1128,77905,40701,1
CATPEO017790542101,229158,2326,1893,971,77905,42101,1
CATPEO017790546217,229746,3057,2215,1143,77905,46217,1
CATPEO017790546217,229745,3057,2215,1143,77905,46217,2
CATPEO017790550009,228844,2616,2053,1027,77905,50009,1
CATPEO017790550009,227697,2616,2053,1027,77905,50009,2
CATPEO017790550009,230486,2616,2053,1027,77905,50009,3
CATPEO017790592138,228118,4007,2740,1396,77905,92138,1
CHAIRO6525155768,227831,3100,1440,722,65251,55768,1
CHAIRO6525155768,227838,3100,1440,722,65251,55768,2
CHAIRO6525155768,227840,3100,1440,722,65251,55768,3
CHAIRO6525155768,227839,3100,1440,722,65251,55768,4
CHAIRO6525155768,227841,3100,1440,722,65251,55768,5
CHANEW4524556071,228187,2766,1643,753,45245,56071,1
CHANEW4524556071,229690,2766,1643,753,45245,56071,2
CHANEW4524556071,228806,2766,1643,753,45245,56071,3
CHANEW5511156071,230195,500,240,58,55111,56071,1
CHRCHI1884801085,229349,1140,580,272,18848,1085,1
CHRCHI2406714456,230770,1300,1082,557,24067,14456,1
CHRCHI4470876063,229825,2590,2361,1219,44708,76063,1
CHRCHI4803675154,228175,2750,2428,1226,48036,75154,1
CHRCHI5537421225,227691,2400,2855,1247,55374,21225,1
CHRCHI5537422802,227764,2400,2652,1269,55374,22802,1
CHRCHI5537425313,229079,2100,2262,1094,55374,25313,1
CHRCHI5537427560,228396,2800,3322,1594,55374,27560,1
CHRCHI5537427893,230057,2350,2658,1302,55374,27893,1
CHRCHI5537440210,230492,1600,1890,868,55374,40210,1
CHRCHI5537442701,230009,1700,1917,912,55374,42701,1
CHRCHI5537477568,227704,2300,2687,1277,55374,77568,1
CHRCHI5543464801,228382,1625,1990,908,55434,64801,1
CHRCHI5603124073,229394,3050,2284,1095,56031,24073,1
CHRCHI5607194572,228033,6800,4244,2090,56071,94572,1
CHRCHI5991206060,229875,5500,5254,2620,59912,6060,1
CHRCHI6386628146,228266,1360,1280,643,63866,28146,1
CHRCHI6571161639,230719,710,718,357,65711,61639,1
CHRCHI6610577520,228758,1500,1499,751,66105,77520,1
CHRCHI6835053226,228420,1140,1281,637,68350,53226,1
CHRCHI7009442240,229516,1400,1224,613,70094,42240,1
CHRCHI7009442240,229515,1400,1224,613,70094,42240,2
CHRCHI7211055355,227573,2007,1745,868,72110,55355,1
CHRCHI7344654627,230269,1662,1826,929,73446,54627,1
CHRCHI7411644502,227755,2000,1957,985,74116,44502,1
CHRCHI7411646323,230014,1210,1389,692,74116,46323,1
CHRCHI7450278009,228181,1054,966,467,74502,78009,1
CHRCHI7502044667,228400,1850,2230,1088,75020,44667,1
CHRCHI7616448801,229323,2300,2354,1197,76164,48801,1
CHRCHI7757155438,229152,2450,2370,1194,77571,55438,1
CHRCHI8404348083,228212,2500,3266,1652,84043,48083,1
CHRCHI8405495827,229334,1300,1294,654,84054,95827,1
CHRCHI8504092081,229346,500,766,391,85040,92081,1
CHRCHI9082256003,228697,3190,3623,1854,90822,56003,1
CHRCHI9233756763,229840,3900,3923,2016,92337,56763,1
CHRCHI9803228269,227055,5350,5685,2836,98032,28269,1
CHRCHI9803255108,227427,3400,3346,1666,98032,55108,1
CHRCHI9822308832,228709,5382,5796,2902,98223,8832,1
CHRCHI9853245869,228704,3707,4663,2364,98532,45869,1
CIRFOR7313140475,229381,2100,1934,924,73131,40475,1
CIRFOR7313154868,230470,1700,1756,883,73131,54868,1
CIRFOR7313154868,230487,1700,1756,883,73131,54868,2
CONSAI015512454656,228947,800,356,163,55124,54656,1
CONSAI015512457221,228943,900,544,256,55124,57221,1
CONSAI015581055124,229477,625,300,149,55810,55124,1
CONSAI015626755434,229423,925,405,181,56267,55434,1
CONSAI015722155124,230074,675,546,260,57221,55124,1
COWBAL6475962201,230828,700,636,307,64759,62201,1
CRENEW3240130116,229024,650,660,273,32401,30116,1
CRMOSH5490130909,228019,3050,2066,1019,54901,30909,1
CRMOSH5490155730,227799,1000,826,416,54901,55730,1
CRMOSH5490175460,227586,3125,2020,994,54901,75460,1
CRMOSH5490176643,228034,3183,2337,1169,54901,76643,1
CRMOSH5490176643,228179,3183,2337,1169,54901,76643,2
CRMOSH5490176643,230100,3183,2337,1169,54901,76643,3
CROSHE5488072150,228542,3138,2098,1041,54880,72150,1
CRSCED6411778359,228471,1950,1900,945,64117,78359,1
DAKRAP035770254449,230519,1176,1479,739,57702,54449,1
DELWRE5574993062,229974,6250,4081,2121,55749,93062,1
DESANO7167154729,228220,2245,1969,977,71671,54729,1
DLTOVE5051154961,228718,1000,777,376,50511,54961,1
DLTOVE5209955044,228917,900,509,238,52099,55044,1
DLTOVE5703356035,228940,1250,988,425,57033,56035,1
DLTOVE9861053035,227753,3350,3937,1980,98610,53035,1
DSVMED7704150047,229184,1900,1865,938,77041,50047,1
DVSBAR4990803071,226874,5200,2787,1328,49908,3071,1
DWAROY7624004623,230439,4400,4032,2074,76240,4623,1
DWAROY7624027537,229877,2800,2396,1230,76240,27537,1
EAGEAG2941870043,229345,1400,1510,774,29418,70043,1
EAGEAG6060770043,229876,1700,1786,925,60607,70043,1
ECHCHI0108618707,227899,900,531,248,1086,18707,1
ECHCHI0305553072,229146,2400,2340,1115,3055,53072,1
ECHCHI0305578364,227849,3850,4137,2082,3055,78364,1
ECHCHI0305598937,228630,6600,6003,3024,3055,98937,1
ECHCHI0602677041,227830,3200,3532,1776,6026,77041,1
ECHCHI1961141144,228977,1500,1018,502,19611,41144,1
ECHCHI5836845505,229185,2700,2378,1178,58368,45505,1
ECOROC3340748234,230039,1850,2505,1280,33407,48234,1
ECOROC4636837202,228254,950,1016,445,46368,37202,1
ECOSAI014678555810,228675,2200,1395,654,46785,55810,1
ECOSAI014678555811,228676,2500,1404,651,46785,55811,1
ECOSAI014678556621,229700,2700,1678,824,46785,56621,1
EDWEAG5512455616,228583,726,383,180,55124,55616,1
ELIATL7247657030,229437,1650,1651,842,72476,57030,1
EXOSUP2360554880,228046,4071,2757,1366,23605,54880,1
EXOSUP2816476227,228915,3156,2073,1059,28164,76227,1
EXOSUP5488008854,228402,3775,2665,1267,54880,8854,1
EXOSUP5488028202,228053,3828,2547,1235,54880,28202,1
EXOSUP5488037086,228928,2853,1873,951,54880,37086,1
EXOSUP5488076033,229767,3424,2237,1149,54880,76033,1
EXOSUP5488077041,229937,3966,2587,1332,54880,77041,1
EXOSUP6012054880,229773,1275,900,446,60120,54880,1
EXOSUP6044054880,229890,1368,977,462,60440,54880,1
FAHIRO5581149938,229164,650,253,109,55811,49938,1
FALHOL0234355806,228280,2850,3113,1482,2343,55806,1
FALHOL5543449849,230577,1425,781,379,55434,49849,1
FALHOL5543454868,230564,521,229,100,55434,54868,1
FALHOL5543455806,227925,680,294,138,55434,55806,1
FALHOL5543455806,229134,680,294,138,55434,55806,2
FALHOL5543455806,227923,680,294,138,55434,55806,3
FALHOL5543457104,229136,2039,500,252,55434,57104,1
FEDMOU015511254448,229076,950,367,179,55112,54448,1
FIFEAS7704142528,229182,1900,1876,945,77041,42528,1
FITIND6048455713,227611,2000,1228,569,60484,55713,1
FLOMCG5576049735,229519,1895,1112,555,55760,49735,1
FLOMCG5576053061,227725,1440,902,424,55760,53061,1
FLOMCG5576054519,229154,950,491,234,55760,54519,1
FLOMCG5576054983,228528,1900,1012,488,55760,54983,1
FLOMCG5576055303,228854,800,267,111,55760,55303,1
FLOMCG5576060050,229580,1895,1002,499,55760,60050,1
FORRAP5778355389,229020,995,1219,612,57783,55389,1
FORRAP9773753932,230198,4190,4027,2052,97737,53932,1
FRELIM5046055718,228502,750,564,279,50460,55718,1
FRERAL7977084330,229963,2400,2047,1032,79770,84330,1
GAFPAR5536958102,228694,756,533,251,55369,58102,1
GENESIS4414637161,229078,1731,1132,577,44146,37161,1
GENESIS5306354880,229363,1100,745,369,53063,54880,1
GENESIS5488008081,229608,3722,2649,1267,54880,8081,1
GENESIS5488039701,230249,3618,2350,1190,54880,39701,1
GENESIS5488044146,228639,2467,1795,835,54880,44146,1
GENESIS5488048165,227621,2193,1603,731,54880,48165,1
GENESIS5488053063,228862,1107,783,387,54880,53063,1
GENESIS5488055378,228641,550,372,178,54880,55378,1
GENESIS5488056401,229738,550,245,114,54880,56401,1
GENESIS5488078932,228424,6267,3870,1938,54880,78932,1
GENESIS5488078932,227662,6267,3870,1938,54880,78932,2
GENESIS6044054880,227985,1395,967,462,60440,54880,1
GERDUL2826955432,229039,3346,2454,1183,28269,55432,1
GERDUL3012052310,228171,2352,1640,821,30120,52310,1
GERDUL3012053536,228258,2236,1689,806,30120,53536,1
GERDUL3012053536,227523,2236,1689,806,30120,53536,2
GERDUL3012054303,229132,2461,1827,891,30120,54303,1
GERDUL3012054935,229778,2321,1689,835,30120,54935,1
GERDUL3012055927,230051,2829,2074,1045,30120,55927,1
GERDUL3012055927,227525,2829,2074,1045,30120,55927,2
GERDUL3012058102,229169,4063,2687,1323,30120,58102,1
GERDUL3012058401,228460,4379,2927,1412,30120,58401,1
GERDUL3012075604,228538,2178,1429,669,30120,75604,1
GERDUL3012093279,227795,6947,4446,2267,30120,93279,1
GERDUL3830115056,227943,2148,1420,699,38301,15056,1
GERDUL3830123805,229970,2261,1424,731,38301,23805,1
GERDUL3830127712,227624,1947,1410,651,38301,27712,1
GERDUL3830128382,229053,2201,1394,715,38301,28382,1
GERDUL3830129069,228493,2017,1302,641,38301,29069,1
GERDUL3830129069,228492,2017,1302,641,38301,29069,2
GERDUL3830129069,230278,2017,1302,641,38301,29069,3
GERDUL3830129687,228525,1566,1010,478,38301,29687,1
GERDUL3830129687,228123,1566,1010,478,38301,29687,2
GERDUL3830129687,227533,1566,1010,478,38301,29687,3
GERDUL3830129687,229159,1566,1010,478,38301,29687,4
GERDUL3830150441,228117,1951,1303,650,38301,50441,1
GERDUL3830152730,228652,1475,1104,550,38301,52730,1
GERDUL3830153110,229645,1766,1208,573,38301,53110,1
GERDUL3830154476,228648,2174,1456,726,38301,54476,1
GERDUL3830154476,228647,2174,1456,726,38301,54476,2
GERDUL3830155432,227681,2355,1628,814,38301,55432,1
GERDUL3830156201,229673,2627,1778,903,38301,56201,1
GERDUL3830160440,229126,1510,1012,484,38301,60440,1
GERDUL3830160502,230709,1496,1036,499,38301,60502,1
GERDUL3830161603,229452,1334,968,436,38301,61603,1
GERDUL3830175104,229977,1684,1140,563,38301,75104,1
GERDUL3830177041,229922,1958,1344,666,38301,77041,1
GERDUL5277819715,229216,2832,2401,1163,52778,19715,1
GERDUL5277855806,229797,1683,865,429,52778,55806,1
GERDUL5277855806,229766,1683,865,429,52778,55806,2
GERDUL5277855806,229764,1683,865,429,52778,55806,3
GERDUL5277855806,229796,1683,865,429,52778,55806,4
GERDUL5277855806,229794,1683,865,429,52778,55806,5
GERDUL5277855806,229799,1683,865,429,52778,55806,6
GERDUL5277855806,230206,1683,865,429,52778,55806,7
GERDUL5277855806,229713,1683,865,429,52778,55806,8
GERDUL5277855806,229714,1683,865,429,52778,55806,9
GERDUL5277855806,229802,1683,865,429,52778,55806,9
GERDUL5277855806,229798,1683,865,429,52778,55806,11
GERDUL5277855806,229805,1683,865,429,52778,55806,12
GERDUL5277855806,229782,1683,865,429,52778,55806,13
GERDUL5277855806,229806,1683,865,429,52778,55806,14
GERDUL5277855806,229765,1683,865,429,52778,55806,15
GERDUL5277855806,229793,1683,865,429,52778,55806,16
GERDUL5277855806,229792,1683,865,429,52778,55806,17
GERDUL5277855806,229791,1683,865,429,52778,55806,18
GERDUL5277855806,229801,1683,865,429,52778,55806,19
GERDUL5277855806,229795,1683,865,429,52778,55806,20
GERDUL5277855806,229800,1683,865,429,52778,55806,21
GERDUL5277855927,227787,980,519,245,52778,55927,1
GERDUL5512438301,230046,2688,1590,805,55124,38301,1
GERDUL5512438301,230048,2688,1590,805,55124,38301,2
GERDUL5512476065,229389,3100,1876,954,55124,76065,1
GERDUL5512476065,229384,3100,1876,954,55124,76065,2
GERDUL5512476065,229390,3100,1876,954,55124,76065,3
GERDUL5512476065,229386,3100,1876,954,55124,76065,4
GERDUL5580619348,229084,3614,2530,1207,55806,19348,1
GERDUL5580619348,229083,3614,2530,1207,55806,19348,2
GERDUL5580633563,229787,4844,3245,1645,55806,33563,1
GERDUL5580633563,230495,4844,3245,1645,55806,33563,2
GERDUL5580633563,229606,4844,3245,1645,55806,33563,3
GERDUL5580633563,228472,4844,3245,1645,55806,33563,4
GERDUL5580633563,227711,4844,3245,1645,55806,33563,5
GERDUL5580633563,227978,4844,3245,1645,55806,33563,6
GERDUL5580633563,228614,4844,3245,1645,55806,33563,7
GERDUL5580656649,229497,3127,1387,683,55806,56649,1
GERDUL5580675165,228415,3389,2228,1119,55806,75165,1
GERDUL5580692335,229784,5825,3972,2040,55806,92335,1
GERDUL5580697503,229447,5862,3985,2077,55806,97503,1
GERDUL55806P0V,228032,2365,861,426,55806,P0V,1
GERDUL55806P0V,230931,2365,861,426,55806,P0V,2
GERDUL55806P0V,230926,2365,861,426,55806,P0V,3
GERDUL55806P0V,228787,2365,861,426,55806,P0V,4
GERDUL55806R0E 1A,230186,2496,816,407,55806,R0E 1A,1
GERDUL7606523805,230015,3852,2600,1315,76065,23805,1
GERDUL7606523805,230216,3852,2600,1315,76065,23805,2
GERDUL7606523805,229249,3852,2600,1315,76065,23805,3
GERDUL7606524050,230239,3288,2277,1133,76065,24050,1
GERDUL7606551101,229994,2064,1574,784,76065,51101,1
GERDUL7606551101,229981,2064,1574,784,76065,51101,2
GERDUL7606551101,229982,2064,1574,784,76065,51101,3
GERDUL7606551101,229996,2064,1574,784,76065,51101,4
GERDUL7606551101,229995,2064,1574,784,76065,51101,5
GERDUL7606552099,227723,2441,1915,929,76065,52099,1
GERDUL7606553115,228097,2774,1984,995,76065,53115,1
GERDUL7606554014,227379,2853,2032,1005,76065,54014,1
GERDUL7606554014,228055,2853,2032,1005,76065,54014,2
GERDUL7606554014,227382,2853,2032,1005,76065,54014,3
GERDUL7606555362,227770,2709,2049,1023,76065,55362,1
GERDUL7606555362,228082,2709,2049,1023,76065,55362,2
GERDUL7606555362,226088,2709,2049,1023,76065,55362,3
GERDUL7606555362,228091,2709,2049,1023,76065,55362,4
GERDUL7606555362,228084,2709,2049,1023,76065,55362,5
GERDUL7606555362,227776,2709,2049,1023,76065,55362,6
GERDUL7606555362,226094,2709,2049,1023,76065,55362,7
GERDUL7606555362,228085,2709,2049,1023,76065,55362,8
GERDUL7606555362,227654,2709,2049,1023,76065,55362,9
GERDUL7606555362,227775,2709,2049,1023,76065,55362,10
GERDUL7606555362,228083,2709,2049,1023,76065,55362,11
GERDUL7606555362,228081,2709,2049,1023,76065,55362,12
GERDUL7606555362,228080,2709,2049,1023,76065,55362,13
GERDUL7606555362,227773,2709,2049,1023,76065,55362,14
GERDUL7606555362,227777,2709,2049,1023,76065,55362,15
GERDUL7606555362,226084,2709,2049,1023,76065,55362,16
GERDUL7606555362,227653,2709,2049,1023,76065,55362,17
GERDUL7606555362,228090,2709,2049,1023,76065,55362,18
GERDUL7606555362,226154,2709,2049,1023,76065,55362,18
GERDUL7606555362,227656,2709,2049,1023,76065,55362,20
GERDUL7606555362,227779,2709,2049,1023,76065,55362,21
GERDUL7606555362,227778,2709,2049,1023,76065,55362,22
GERDUL7606555362,227774,2709,2049,1023,76065,55362,23
GERDUL7606555362,227655,2709,2049,1023,76065,55362,24
GERDUL7606555362,226090,2709,2049,1023,76065,55362,25
GERDUL7606555362,226085,2709,2049,1023,76065,55362,26
GERDUL7606555362,227657,2709,2049,1023,76065,55362,27
GERDUL7606555362,227652,2709,2049,1023,76065,55362,28
GERDUL7606555362,227768,2709,2049,1023,76065,55362,29
GERDUL7606555362,227769,2709,2049,1023,76065,55362,30
GERDUL7606555927,228371,2552,1942,925,76065,55927,1
GERDUL7606555927,227462,2552,1942,925,76065,55927,2
GERDUL7606555927,227463,2552,1942,925,76065,55927,3
GERDUL7606556201,229150,2760,2014,1007,76065,56201,1
GERDUL7606556265,228417,2633,1991,979,76065,56265,1
GERDUL7606558047,230101,3300,2266,1119,76065,58047,1
GILTWI7754760402,229116,1800,2137,1086,77547,60402,1
GILTWI7754760402,229117,1800,2137,1086,77547,60402,2
GLGSTA1302137405,230129,1600,1760,904,13021,37405,1
GLOOSS5475802886,227629,4575,2789,1258,54758,2886,1
GLOOSS5475817315,229604,3550,2082,978,54758,17315,1
GLOOSS5475819047,227416,3950,2415,1071,54758,19047,1
GLOOSS5475850219,229607,1500,799,372,54758,50219,1
GLOOSS5475857702,229284,2700,1435,714,54758,57702,1
GLOOSS5475863044,227491,2275,1071,517,54758,63044,1
GLOOSS5475863044,227484,2275,1071,517,54758,63044,2
GLOOSS5475868005,228099,2300,964,475,54758,68005,1
GLOOSS5475874117,228061,3000,1634,790,54758,74117,1
GLOOSS5475874117,228063,3000,1634,790,54758,74117,2
GLOOSS5475874117,228353,3000,1634,790,54758,74117,3
GLOOSS5475874117,227413,3000,1634,790,54758,74117,4
GLOOSS5475874117,227412,3000,1634,790,54758,74117,5
GLOOSS5475877386,226549,4675,2517,1244,54758,77386,1
GLOOSS5475878266,227004,4850,2610,1284,54758,78266,1
GTIWES4816155806,229157,1950,1629,756,48161,55806,1
GUIWAS5510197218,228209,4000,3449,1740,55101,97218,1
GUIWAS5541697218,227426,4100,3439,1736,55416,97218,1
GYPBAL2260231634,228802,1700,1507,751,22602,31634,1
HAMSOL015502454873,229998,550,371,166,55024,54873,1
HARMON1420378728,228300,3400,3101,1553,14203,78728,1
HILCOO5572395113,227565,6103,4042,2064,55723,95113,1
HILCOO5572395113,229862,6103,4042,2064,55723,95113,2
HOMDUL5512455806,229496,600,366,167,55124,55806,1
HOMDUL5575055101,229052,700,430,206,55750,55101,1
HOMDUL5581055101,229378,617,310,149,55810,55101,1
HOMDUL5581055101,229481,617,310,149,55810,55101,2
HOMDUL5581055101,228345,617,310,149,55810,55101,3
HOMDUL5581055124,228684,600,316,149,55810,55124,1
HOOVIR5577724151,228178,5400,2570,1242,55777,24151,1
INFOLD4039127527,227788,1675,1236,586,40391,27527,1
INFOLD4039178666,228062,3050,2548,1245,40391,78666,1
INLORL5054852353,229684,600,491,229,50548,52353,1
INLORL5054852353,229683,600,491,229,50548,52353,2
INLORL5534359718,228496,3300,1954,983,55343,59718,1
INTCIN4651455374,228335,1500,1192,546,46514,55374,1
IRBJAC5533756470,228387,975,461,208,55337,56470,1
IRBJAC5533756557,228577,1125,688,327,55337,56557,1
IRBJAC5533756601,228109,850,532,245,55337,56601,1
IRBJAC5533756701,229011,775,656,313,55337,56701,1
JAKPAP5991258577,228866,1250,1468,738,59912,58577,1
JBHLOW7230130030,229276,1200,815,416,72301,30030,1
JBHLOW7505742629,230540,1600,1681,830,75057,42629,1
JBHLOW7821755330,230507,2350,2608,1276,78217,55330,1
JFBLAC0285255806,229218,6645,3191,1536,2852,55806,1
JFBLAC4823754601,227960,3120,1178,561,48237,54601,1
JFBLAC4823754601,227961,3120,1178,561,48237,54601,2
JFBLAC5460129449,229107,7770,2634,1297,54601,29449,1
JFBLAC5460129449,229108,7770,2634,1297,54601,29449,2
JFBLAC5460129449,229110,7770,2634,1297,54601,29449,3
JFBLAC5594338921,227676,5354,1629,804,55943,38921,1
JLEDUN7616402852,229067,3700,3534,1759,76164,2852,1
JOHDUB2122204092,227566,3388,1668,596,21222,4092,1
JOHDUB2122204092,227684,3388,1668,596,21222,4092,2
JOHDUB2122204401,229402,2771,1696,657,21222,4401,1
JOHDUB2122205855,227619,2648,1504,600,21222,5855,1
JOHDUB2122206492,228794,2063,1151,419,21222,6492,1
JOHDUB2122253964,227383,2760,2265,946,21222,53964,1
JOHDUB2122255009,228698,2984,2485,1107,21222,55009,1
JOHDUB2122255336,228666,3616,2767,1265,21222,55336,1
JOHDUB2122264720,227567,4688,3000,1395,21222,64720,1
JOHDUB2122501523,227331,2486,1529,625,21225,1523,1
JOHDUB2122531763,227962,2575,1795,858,21225,31763,1
JOHDUB2122555033,227522,3145,2531,1120,21225,55033,1
JOHDUB2122556003,227620,3176,2558,1157,21225,56003,1
JOHDUB2122562565,227600,2139,1709,843,21225,62565,1
JOHDUB3152331089,229098,1373,819,371,31523,31089,1
JOHDUB3152332626,229104,1146,340,171,31523,32626,1
JOHDUB4006550021,230056,1805,1214,618,40065,50021,1
JOHDUB4104552099,229586,1634,1019,500,41045,52099,1
JOHDUB4104552099,229587,1634,1019,500,41045,52099,2
JOHDUB4104552099,229584,1634,1019,500,41045,52099,3
JOHDUB4104552099,229583,1634,1019,500,41045,52099,4
JOHDUB4104552099,229614,1634,1019,500,41045,52099,5
JOHDUB4104552099,230092,1634,1019,500,41045,52099,6
JOHDUB4104552099,228775,1634,1019,500,41045,52099,7
JOHDUB4104552099,229946,1634,1019,500,41045,52099,8
JOHDUB4104552099,229948,1634,1019,500,41045,52099,9
JOHDUB4104552099,228760,1634,1019,500,41045,52099,10
JOHDUB4104552099,228761,1634,1019,500,41045,52099,11
JOHDUB4104552099,229947,1634,1019,500,41045,52099,12
JOHDUB4104552099,228759,1634,1019,500,41045,52099,13
JOHDUB4104552099,228687,1634,1019,500,41045,52099,14
JOHDUB4104552099,228688,1634,1019,500,41045,52099,15
JOHDUB4104552099,229613,1634,1019,500,41045,52099,16
JOHDUB4104552099,229891,1634,1019,500,41045,52099,17
JOHDUB4636850021,228716,1330,709,357,46368,50021,1
JOHDUB4661461265,229351,1075,600,244,46614,61265,1
JOHDUB4661950021,228754,1526,856,408,46619,50021,1
JOHDUB4661950021,229837,1526,856,408,46619,50021,2
JOHDUB4661950021,228753,1526,856,408,46619,50021,3
JOHDUB4661950021,230139,1526,856,408,46619,50021,4
JOHDUB4661950021,229838,1526,856,408,46619,50021,5
JOHDUB4661950021,229368,1526,856,408,46619,50021,6
JOHDUB4661950021,229040,1526,856,408,46619,50021,7
JOHDUB4661950021,229761,1526,856,408,46619,50021,8
JOHDUB4661950021,228756,1526,856,408,46619,50021,9
JOHDUB4661950021,229729,1526,856,408,46619,50021,10
JOHDUB4661950021,229841,1526,856,408,46619,50021,11
JOHDUB4661950021,230135,1526,856,408,46619,50021,12
JOHDUB4661950021,228747,1526,856,408,46619,50021,13
JOHDUB4661950021,230141,1526,856,408,46619,50021,14
JOHDUB4661950021,229251,1526,856,408,46619,50021,15
JOHDUB4661950021,229842,1526,856,408,46619,50021,16
JOHDUB4661961265,228798,1069,530,243,46619,61265,1
JOHDUB4661961265,228958,1069,530,243,46619,61265,2
JOHDUB4906850021,230521,1661,1008,495,49068,50021,1
JOHDUB5002124073,230274,2701,1872,933,50021,24073,1
JOHDUB5002158012,230070,1911,985,492,50021,58012,1
JOHDUB5002158051,229678,1921,1054,497,50021,58051,1
JOHDUB5002158051,230008,1921,1054,497,50021,58051,2
JOHDUB5002158072,227715,1908,1095,523,50021,58072,1
JOHDUB5002158072,227712,1908,1095,523,50021,58072,2
JOHDUB5002158072,227713,1908,1095,523,50021,58072,3
JOHDUB5002158072,227716,1908,1095,523,50021,58072,4
JOHDUB5002158072,227717,1908,1095,523,50021,58072,5
JOHDUB5002158072,227714,1908,1095,523,50021,58072,6
JOHDUB5002158072,227722,1908,1095,523,50021,58072,7
JOHDUB5002158072,227718,1908,1095,523,50021,58072,8
JOHDUB5002158072,227721,1908,1095,523,50021,58072,9
JOHDUB5002158072,228705,1908,1095,523,50021,58072,10
JOHDUB5070131768,229269,3299,2159,1104,50701,31768,1
JOHDUB5070145302,228792,1801,1053,519,50701,45302,1
JOHDUB5070171644,229739,2670,1500,757,50701,71644,1
JOHDUB5200158102,229672,1410,987,499,52001,58102,1
JOHDUB5209901537,227459,4108,2508,1147,52099,1537,1
JOHDUB5209901537,227591,4108,2508,1147,52099,1537,2
JOHDUB5209901537,227460,4108,2508,1147,52099,1537,3
JOHDUB5209902777,230028,4288,2714,1215,52099,2777,1
JOHDUB5209906492,230030,3817,2394,1097,52099,6492,1
JOHDUB5209906492,229227,3817,2394,1097,52099,6492,2
JOHDUB5209907080,229591,3031,2074,987,52099,7080,1
JOHDUB5209914170,230396,2905,1890,862,52099,14170,1
JOHDUB5209918015,228664,3173,2246,1037,52099,18015,1
JOHDUB5209922960,228071,2977,1980,938,52099,22960,1
JOHDUB5209929456,229273,3350,2154,1092,52099,29456,1
JOHDUB5209929488,229270,3032,2226,1128,52099,29488,1
JOHDUB5209930336,228937,2547,1899,954,52099,30336,1
JOHDUB5209931061,228939,2739,1993,986,52099,31061,1
JOHDUB5209931793,230532,3667,2333,1175,52099,31793,1
JOHDUB5209932837,229100,4628,2673,1341,52099,32837,1
JOHDUB5209932837,229226,4628,2673,1341,52099,32837,2
JOHDUB5209933166,229272,5134,3112,1557,52099,33166,1
JOHDUB5209949534,227593,2227,1114,498,52099,49534,1
JOHDUB5209954806,229880,1342,813,374,52099,54806,1
JOHDUB5209955806,230029,1766,1153,560,52099,55806,1
JOHDUB5209956293,229736,1361,870,387,52099,56293,1
JOHDUB5209956701,229228,2281,1596,778,52099,56701,1
JOHDUB5209970087,227536,3489,2140,1062,52099,70087,1
JOHDUB5209970435,227534,3865,2307,1120,52099,70435,1
JOHDUB5209977041,229733,3835,2687,1291,52099,77041,1
JOHDUB5209990805,230031,5680,3722,1911,52099,90805,1
JOHDUB5209992543,228795,6138,3971,2007,52099,92543,1
JOHDUB5250118657,227632,7668,3748,1721,52501,18657,1
JOHDUB5250132064,229405,4236,2626,1258,52501,32064,1
JOHDUB5250170435,227633,4229,2115,980,52501,70435,1
JOHDUB5250175703,229404,2647,1647,764,52501,75703,1
JOHDUB5250175751,228856,3170,1963,904,52501,75751,1
JOHDUB5250175835,229403,2909,1860,876,52501,75835,1
JOHDUB5250176504,229398,2978,1831,859,52501,76504,1
JOHDUB5250176645,227741,3355,1720,786,52501,76645,1
JOHDUB5250178155,229406,3367,2577,1248,52501,78155,1
JOHDUB5280254161,229099,1528,973,378,52802,54161,1
JOHDUB5280256345,228938,1422,936,458,52802,56345,1
JOHDUB5280654889,229779,2346,1361,592,52806,54889,1
JOHDUB5280656733,228651,2615,1662,753,52806,56733,1
JOHDUB5280658577,228849,4238,2212,988,52806,58577,1
JOHDUB5280658621,229044,4843,2539,1167,52806,58621,1
JOHDUB5280658790,229968,4503,2355,1091,52806,58790,1
JOHDUB5280658790,229668,4503,2355,1091,52806,58790,2
JOHDUB5305058072,229256,1858,1208,585,53050,58072,1
JOHDUB5322650217,229885,1256,762,379,53226,50217,1
JOHDUB5322650217,229225,1256,762,379,53226,50217,2
JOHDUB5322650217,228689,1256,762,379,53226,50217,3
JOHDUB5804738730,229239,3162,2343,1202,58047,38730,1
JOHDUB5804738730,230091,3162,2343,1202,58047,38730,2
JOHDUB5804738730,230107,3162,2343,1202,58047,38730,3
JOHDUB5804739701,230342,3299,2518,1288,58047,39701,1
JOHDUB5804748895,230604,2465,1837,895,58047,48895,1
JOHDUB5804752637,229101,1570,1223,607,58047,52637,1
JOHDUB5804761856,230559,2279,1571,783,58047,61856,1
JOHDUB5804764759,230343,1842,1438,720,58047,64759,1
JOHDUB5807246761,228934,2459,1807,838,58072,46761,1
JOHDUB5807250021,M234647,1530,1101,523,58072,50021,1
JOHDUB5807250021,224651,1530,1101,523,58072,50021,2
JOHDUB5807250021,227729,1530,1101,523,58072,50021,3
JOHDUB5807250021,228180,1530,1101,523,58072,50021,4
JOHDUB5807250021,227728,1530,1101,523,58072,50021,5
JOHDUB5807250021,227724,1530,1101,523,58072,50021,6
JOHDUB5807250021,227727,1530,1101,523,58072,50021,6
JOHDUB5807250021,227736,1530,1101,523,58072,50021,8
JOHDUB5807250021,230793,1530,1101,523,58072,50021,9
JOHDUB5807250054,230246,1568,1180,548,58072,50054,1
JOHDUB5807250273,229671,1619,1223,567,58072,50273,1
JOHDUB5807250548,229482,1410,1104,509,58072,50548,1
JOHDUB5807250554,228931,1278,992,443,58072,50554,1
JOHDUB5807250583,229479,1309,1012,456,58072,50583,1
JOHDUB5807251238,228826,996,820,375,58072,51238,1
JOHDUB5807251238,230364,996,820,375,58072,51238,2
JOHDUB5807251238,227743,996,820,375,58072,51238,3
JOHDUB5807252043,227772,1514,1144,506,58072,52043,1
JOHDUB5807253095,228279,1767,1300,609,58072,53095,1
JOHDUB5807253095,229274,1767,1300,609,58072,53095,2
JOHDUB5807254751,228051,930,807,361,58072,54751,1
JOHDUB5807260924,230344,2254,1704,795,58072,60924,1
JOHDUB5807260924,227628,2254,1704,795,58072,60924,2
JOHDUB5807260924,228276,2254,1704,795,58072,60924,3
JOHDUB5807262812,227614,3063,2021,974,58072,62812,1
JOHDUB5807276905,228120,5765,2701,1307,58072,76905,1
JOHDUB5807277707,227646,4276,2848,1361,58072,77707,1
JOHDUB5807277707,228656,4276,2848,1361,58072,77707,2
JOHDUB6055658102,229808,2424,1280,642,60556,58102,1
JOHDUB6055658102,228989,2424,1280,642,60556,58102,2
JOHDUB6055658102,229430,2424,1280,642,60556,58102,3
JOHDUB6124422560,229737,3540,2500,1147,61244,22560,1
JOHDUB6124475501,229881,2267,1731,861,61244,75501,1
JOHDUB6134158102,229924,2287,1304,654,61341,58102,1
JOHDUB7755063339,227145,3144,1928,934,77550,63339,1
JOHDUB7755063552,227144,3253,1929,945,77550,63552,1
JOHDUB7755078728,230568,774,474,219,77550,78728,1
JOHDUB7804501523,229259,6719,4679,2279,78045,1523,1
JOHDUB7804505701,227636,9108,5226,2518,78045,5701,1
JOHDUB7804513035,229155,6832,4555,2244,78045,13035,1
JOHDUB7804529730,228385,4644,3271,1622,78045,29730,1
JOHDUB7804540422,227371,4376,2992,1477,78045,40422,1
JOHDUB7804540475,227370,4619,3183,1531,78045,40475,1
JOHDUB7804541041,227529,4330,2971,1481,78045,41041,1
JOHDUB7804542001,227965,4618,3179,1517,78045,42001,1
JOHDUB7804542445,228381,3541,2425,1165,78045,42445,1
JOHDUB7804555336,227376,5099,3494,1689,78045,55336,1
JOHDUB7804556362,227796,5538,3654,1752,78045,56362,1
JOHDUB7804557252,229167,6524,3729,1782,78045,57252,1
JOHDUB7804575501,228860,2645,1735,782,78045,75501,1
JOHDUB7804576033,229903,2057,1370,639,78045,76033,1
JOHDUB7804577868,229653,1630,1059,502,78045,77868,1
JOHDUB7804577905,228870,991,503,233,78045,77905,1
JOHDUB7804578130,228655,1227,673,262,78045,78130,1
JOHDUB7804578596,229364,1077,576,275,78045,78596,1
JOHDUB7804578596,228857,1077,576,275,78045,78596,2
JOHDUB7804595407,228238,6547,3946,1966,78045,95407,1
JOHDUB9842156623,229393,4544,3896,1988,98421,56623,1
JOHDUB9842158301,227149,3188,3390,1657,98421,58301,1
JPDROC019343732956,228309,6800,5307,2726,93437,32956,1
JPDROC019343732956,228308,6800,5307,2726,93437,32956,2
JWKCIR5602155428,230019,450,195,89,56021,55428,1
KINWIC4850229801,229882,1800,1637,807,48502,29801,1
KINWIC5105407105,229929,2450,2617,1291,51054,7105,1
KINWIC7354257107,230044,1800,1836,903,73542,57107,1
KIRCOU6082754880,228394,1300,1015,481,60827,54880,1
KNIWHI5488039897,228612,4211,2811,1415,54880,39897,1
KNIWHI5488039897,228991,4211,2811,1415,54880,39897,2
KOMPEO5315455777,229611,1412,954,478,53154,55777,1
KOMPEO5315455777,227634,1412,954,478,53154,55777,2
KOMPEO5315455777,229740,1412,954,478,53154,55777,3
KOMPEO5315455777,230058,1412,954,478,53154,55777,4
KRITOM5561654487,230172,878,474,237,55616,54487,1
LAKDUL5580654481,230294,1190,549,266,55806,54481,1
LAKDUL5580654481,230296,1190,549,266,55806,54481,2
LAKDUL5580654481,230293,1190,549,266,55806,54481,3
LAKDUL5580654481,230291,1190,549,266,55806,54481,4
LAKDUL5580656058,229569,695,433,211,55806,56058,1
LAKDUL5580656058,229573,695,433,211,55806,56058,2
LAKDUL5580656058,229572,695,433,211,55806,56058,3
LAKDUL5580656058,229577,695,433,211,55806,56058,4
LAKDUL5580656058,230448,695,433,211,55806,56058,5
LAKDUL5580656058,228703,695,433,211,55806,56058,5
LAKDUL5580656058,230587,695,433,211,55806,56058,7
LAKDUL5580656058,229361,695,433,211,55806,56058,8
LAKDUL5580656058,229571,695,433,211,55806,56058,9
LAKDUL5580656058,228482,695,433,211,55806,56058,9
LAKDUL5580656058,230589,695,433,211,55806,56058,9
LAKDUL5580656058,229358,695,433,211,55806,56058,12
LAKDUL5580656058,229578,695,433,211,55806,56058,13
LAKDUL5580656058,229570,695,433,211,55806,56058,13
LAKDUL5580656058,229180,695,433,211,55806,56058,15
LAKDUL5580656058,229181,695,433,211,55806,56058,16
LAKDUL5580656058,229574,695,433,211,55806,56058,17
LAKDUL5580656058,228853,695,433,211,55806,56058,18
LAKDUL5580656058,229359,695,433,211,55806,56058,19
LAKDUL5580656058,230496,695,433,211,55806,56058,20
LAKDUL5580656058,230588,695,433,211,55806,56058,21
LAKDUL5580656058,228945,695,433,211,55806,56058,22
LAKDUL5580656058,229029,695,433,211,55806,56058,23
LAKDUL5580656058,229575,695,433,211,55806,56058,24
LAKDUL5580656058,230945,695,433,211,55806,56058,25
LAKSUP5581054768,228953,2520,372,176,55810,54768,1
LANJAC013644644139,230248,1900,1699,874,36446,44139,1
LANJAC016337956303,229588,2000,1212,583,63379,56303,1
LANJAC025542155806,229478,600,295,144,55421,55806,1
LANJAC025542155806,229485,600,295,144,55421,55806,2
LANJAC038100291752,227941,1465,2165,1087,81002,91752,1
LANJAC051954351237,228479,2700,2706,1267,19543,51237,1
LANJAC052430132570,228608,1450,1445,694,24301,32570,1
LANJAC053041565764,229348,2000,1943,991,30415,65764,1
LANJAC054104555433,229704,1900,1485,723,41045,55433,1
LANJAC056040254812,230830,850,805,376,60402,54812,1
LANJAC057480495201,228923,3700,3150,1608,74804,95201,1
LANJAC057704135125,230393,1500,1335,686,77041,35125,1
LBKCHA2122568104,229139,3400,2484,1167,21225,68104,1
LBKCHA2122568104,228790,3400,2484,1167,21225,68104,2
LBKCHA2122568104,228789,3400,2484,1167,21225,68104,3
LCMMON5067055337,230739,600,397,189,50670,55337,1
LEJMIN015481355107,229371,500,473,96,54813,55107,1
LEJMIN015481355107,229374,500,473,96,54813,55107,2
LEJMIN015481355107,229372,500,473,96,54813,55107,3
LEJMIN015481355107,229366,500,473,96,54813,55107,4
LEJMIN015481355107,229373,500,473,96,54813,55107,5
LEJMIN015481355107,229370,500,473,96,54813,55107,6
LEJMIN015481355379,230570,500,523,125,54813,55379,1
LEJMIN015481355379,230066,500,523,125,54813,55379,2
LEJMIN015481355379,230571,500,523,125,54813,55379,3
LEJMIN015481355379,230067,500,523,125,54813,55379,4
LEJMIN015481368064,228131,1650,1157,491,54813,68064,1
LEJMIN015481368064,228126,1650,1157,491,54813,68064,2
LEJMIN015481368064,228595,1650,1157,491,54813,68064,3
LEJMIN015481368064,228594,1650,1157,491,54813,68064,4
LEJMIN015481368064,228596,1650,1157,491,54813,68064,5
LEJMIN015481368064,228130,1650,1157,491,54813,68064,6
LINLEX3140840507,228670,1700,1158,590,31408,40507,1
LINSAI025511157104,229622,1100,515,247,55111,57104,1
LINSUG4634255811,229369,1850,1290,605,46342,55811,1
LOGBUF7011532244,228122,1500,1119,545,70115,32244,1
LOUNAS0476154703,227050,4087,3447,1655,4761,54703,1
LOUNAS0476160617,229213,2830,2728,1318,4761,60617,1
LOUNAS0476160954,227246,4412,2810,1345,4761,60954,1
LOUNAS0476161008,229680,3004,2890,1407,4761,61008,1
LOUNAS0476161008,229681,3004,2890,1407,4761,61008,2
LOUNAS0476177498,229610,5616,4296,2201,4761,77498,1
LOUNAS1481028669,229426,1450,1203,593,14810,28669,1
LOUNAS2866953590,229675,2542,1753,845,28669,53590,1
LOUNAS2866954669,227394,2902,2019,965,28669,54669,1
LOUNAS2866954669,227053,2902,2019,965,28669,54669,2
LOUNAS2866955309,227417,3350,2349,1139,28669,55309,1
LOUNAS2866955309,230004,3350,2349,1139,28669,55309,2
LOUNAS2866955416,229192,3249,2215,1106,28669,55416,1
LOUNAS3507740210,229145,1044,685,327,35077,40210,1
LOUNAS3507740507,229142,1187,767,373,35077,40507,1
LOUNAS3507755038,228534,3369,2028,1040,35077,55038,1
LOUNAS3507755317,229315,3406,2107,1051,35077,55317,1
LOUNAS3507755317,227093,3406,2107,1051,35077,55317,2
LOUNAS3507755363,229212,3461,2098,1070,35077,55363,1
LOUNAS3507755416,227757,3381,2090,1038,35077,55416,1
LOUNAS3678442066,228579,1336,813,399,36784,42066,1
LOUNAS3678442240,229195,1404,849,419,36784,42240,1
LOUNAS4986814810,227505,2719,1633,780,49868,14810,1
LOUNAS4986829334,227819,3702,2049,1016,49868,29334,1
LOUNAS4988160617,229038,1086,805,340,49881,60617,1
LOUNAS4988160617,228894,1086,805,340,49881,60617,2
LOUNAS4988160617,230349,1086,805,340,49881,60617,3
LOUNAS4988160617,229043,1086,805,340,49881,60617,4
LOUNAS5430346176,227827,1604,950,437,54303,46176,1
LOUNAS5430356258,229196,1536,840,422,54303,56258,1
LOUNAS5430357702,228461,3287,1657,840,54303,57702,1
LOUNAS5430358102,229325,1692,1028,509,54303,58102,1
LOUNAS5430358501,227822,2301,1407,693,54303,58501,1
LOUNAS5430358505,229831,2294,1409,697,54303,58505,1
LOUNAS5430359101,227700,4067,2549,1281,54303,59101,1
LOUNAS5448716625,227601,2794,2088,881,54487,16625,1
LOUNAS5448750250,229215,1535,1004,496,54487,50250,1
LOUNAS5448750250,229703,1535,1004,496,54487,50250,2
LOUNAS5484302019,227860,4060,2916,1400,54843,2019,1
LOUNAS5484302048,228767,4077,3010,1406,54843,2048,1
LOUNAS5484303304,229528,4104,2877,1379,54843,3304,1
LOUNAS5484303304,228654,4104,2877,1379,54843,3304,2
LOUNAS5484304761,228774,4892,3561,1754,54843,4761,1
LOUNAS5484314810,227706,3407,2229,1043,54843,14810,1
LOUNAS5484314810,227707,3407,2229,1043,54843,14810,2
LOUNAS5484314810,229531,3407,2229,1043,54843,14810,3
LOUNAS5484314810,227669,3407,2229,1043,54843,14810,4
LOUNAS5484314810,227708,3407,2229,1043,54843,14810,5
LOUNAS5484314810,227670,3407,2229,1043,54843,14810,6
LOUNAS5484314810,227668,3407,2229,1043,54843,14810,7
LOUNAS5484314810,227667,3407,2229,1043,54843,14810,8
LOUNAS5484314810,227666,3407,2229,1043,54843,14810,9
LOUNAS5484314810,229036,3407,2229,1043,54843,14810,10
LOUNAS5484314810,227705,3407,2229,1043,54843,14810,11
LOUNAS5484314810,227931,3407,2229,1043,54843,14810,12
LOUNAS5484321085,227854,3341,2563,1148,54843,21085,1
LOUNAS5484325005,229529,2739,1880,938,54843,25005,1
LOUNAS5484346176,228772,1812,1284,637,54843,46176,1
LOUNAS5484347519,229530,2064,1372,691,54843,47519,1
LOUNAS5484350111,228769,1277,784,382,54843,50111,1
LOUNAS5484350250,228889,1376,846,413,54843,50250,1
LOUNAS5484350250,228891,1376,846,413,54843,50250,2
LOUNAS5484350250,228271,1376,846,413,54843,50250,3
LOUNAS5484350250,228270,1376,846,413,54843,50250,4
LOUNAS5484350250,227709,1376,846,413,54843,50250,5
LOUNAS5484354303,227269,979,564,274,54843,54303,1
LOUNAS5484354303,227942,979,564,274,54843,54303,2
LOUNAS5484354303,227270,979,564,274,54843,54303,3
LOUNAS5484354303,227310,979,564,274,54843,54303,4
LOUNAS5484354303,228801,979,564,274,54843,54303,5
LOUNAS5484354303,227956,979,564,274,54843,54303,6
LOUNAS5484354303,227963,979,564,274,54843,54303,7
LOUNAS5484354476,228275,770,387,194,54843,54476,1
LOUNAS5484354923,230103,1121,580,274,54843,54923,1
LOUNAS5484354956,227933,979,857,318,54843,54956,1
LOUNAS5484357104,228064,1515,768,374,54843,57104,1
LOUNAS5484357108,228773,1527,759,376,54843,57108,1
LOUNAS5484361802,229220,1453,1047,525,54843,61802,1
LOUNAS5484373044,229644,2461,1758,890,54843,73044,1
LOUNAS5538964730,227635,1556,1150,561,55389,64730,1
LOUNAS5538972143,228332,2624,1878,937,55389,72143,1
LOUNAS5561628669,229362,3167,2479,1214,55616,28669,1
LOUNAS5561628669,229932,3167,2479,1214,55616,28669,2
LOUNAS5561628669,228012,3167,2479,1214,55616,28669,3
LOUNAS5561628669,229319,3167,2479,1214,55616,28669,4
LOUNAS5561635242,229322,3051,2283,1173,55616,35242,1
LOUNAS5561640210,230002,2228,1648,806,55616,40210,1
LOUNAS5561640210,228189,2228,1648,806,55616,40210,2
LOUNAS5561643554,226661,2259,1526,691,55616,43554,1
LOUNAS5561643554,229676,2259,1526,691,55616,43554,2
LOUNAS5561646176,227557,2373,1598,715,55616,46176,1
LOUNAS5561648161,228184,2409,1619,783,55616,48161,1
LOUNAS5561648161,227091,2409,1619,783,55616,48161,2
LOUNAS5561650250,229326,1423,936,463,55616,50250,1
LOUNAS5561650250,229329,1423,936,463,55616,50250,2
LOUNAS5561650250,229328,1423,936,463,55616,50250,3
LOUNAS5561654487,229035,1065,466,224,55616,54487,1
LOUNAS5561654701,227051,965,400,184,55616,54701,1
LOUNAS5561660617,230118,1533,1143,510,55616,60617,1
LOUNAS5561660617,229458,1533,1143,510,55616,60617,2
LOUNAS5561660617,227815,1533,1143,510,55616,60617,3
LOUNAS5561662040,230063,1925,1413,710,55616,62040,1
LOUNAS5561662040,227057,1925,1413,710,55616,62040,2
LOUNAS5561675229,227047,3122,2266,1120,55616,75229,1
LOUNAS5561675229,229827,3122,2266,1120,55616,75229,2
LOUNAS5561677498,228840,3829,2702,1378,55616,77498,1
LOUNAS5561677498,229331,3829,2702,1378,55616,77498,2
LOUNAS5561677507,226306,3837,2741,1374,55616,77507,1
LOUNAS6061779907,228112,3992,2963,1493,60617,79907,1
LOUNAS6204054303,229344,1439,1020,489,62040,54303,1
LOUNAS6204055309,228462,1875,1203,605,62040,55309,1
LOUNAS6204055309,229512,1875,1203,605,62040,55309,2
LYNLIV5488077351,230018,4771,2501,1260,54880,77351,1
LYNLIV5488077351,228751,4771,2501,1260,54880,77351,2
LYNLIV5488077351,228549,4771,2501,1260,54880,77351,3
LYNLIV5488077351,228994,4771,2501,1260,54880,77351,4
LYNLIV5488077351,227984,4771,2501,1260,54880,77351,5
MAIBLO5512154880,229135,600,381,165,55121,54880,1
MAIBLO5512454880,230001,550,340,150,55124,54880,1
MAIBLO5543254880,228166,550,299,146,55432,54880,1
MAIBLO6013154880,230281,1750,959,453,60131,54880,1
MANSUP015512454880,227836,475,348,159,55124,54880,1
MANSUP015512454880,230729,475,348,159,55124,54880,2
MARLAW1637130501,228210,1800,1607,783,16371,30501,1
MARLAW4403030501,227926,1800,1502,732,44030,30501,1
MARLAW7250130501,228222,1500,1371,653,72501,30501,1
MARLAW7434430501,228944,1500,1665,845,74344,30501,1
MEGDUL5580649849,230286,1500,512,245,55806,49849,1
MEGDUL5580649849,230284,1500,512,245,55806,49849,2
MEGDUL5580649849,230290,1500,512,245,55806,49849,3
MEGDUL5580685614,229640,7800,3761,1901,55806,85614,1
MELTUL1546829483,230011,1550,1219,596,15468,29483,1
MESAUR5570538801,229927,3398,2165,1115,55705,38801,1
MESAUR5570546802,230164,2275,1436,707,55705,46802,1
MICDUL015607355811,229557,591,513,251,56073,55811,1
MLTROM3868349120,230728,1500,1182,596,38683,49120,1
NEWDEL5532821225,228467,2700,2589,1168,55328,21225,1
NEWDEL5532832780,228568,5300,3269,1660,55328,32780,1
NEWDEL5532873131,228569,2225,1623,805,55328,73131,1
NEWDEL5532892507,227982,6300,3753,1914,55328,92507,1
NEWDEL5532895564,227569,7600,4274,2148,55328,95564,1
NEWDEL5532895564,227480,7600,4274,2148,55328,95564,2
NEWHIB5574689822,230010,6300,3453,1781,55746,89822,1
NEWHIB5574689822,230007,6300,3453,1781,55746,89822,2
NEWHOD7704113501,229250,3200,3358,1691,77041,13501,1
NORTOR5580655373,229153,716,376,179,55806,55373,1
NORTOR5580655373,228035,716,376,179,55806,55373,2
NORTOR5580655901,230354,740,490,227,55806,55901,1
NORTOR5580656303,228473,694,309,146,55806,56303,1
NORTOR5667853042,230575,1647,1071,530,56678,53042,1
NORTOR5667854016,230162,805,542,261,56678,54016,1
NORTOR5667854880,229141,520,343,165,56678,54880,1
NORTOR5667854880,229814,520,343,165,56678,54880,2
NORTOR5667855042,230040,914,535,250,56678,55042,1
NORTOR5667855806,228215,654,339,161,56678,55806,1
NORTOR5667855806,230692,654,339,161,56678,55806,2
NORTOR5667855810,228909,654,341,158,56678,55810,1
NORTOR5667856325,228905,660,376,167,56678,56325,1
NORTOR5667856331,230796,655,353,174,56678,56331,1
OLYMIN5543255806,228451,550,323,148,55432,55806,1
OLYMIN5543255806,228102,550,323,148,55432,55806,2
ONELAK3885254880,229431,2400,1952,998,38852,54880,1
ONLGRE0380128269,228748,1700,1877,901,3801,28269,1
ONLGRE8243157501,228692,1500,1084,530,82431,57501,1
PACCHA3945542066,228843,987,948,470,39455,42066,1
PAROCA5314032802,229428,3800,2826,1408,53140,32802,1
PARPIT7013045044,228070,2100,1755,840,70130,45044,1
PATSIO5123860013,229356,900,1059,519,51238,60013,1
PAUTUL0810229169,230017,1400,1335,628,8102,29169,1
PAUTUL4425630260,229979,1800,1399,708,44256,30260,1
PENBAR015505749908,230068,1599,831,414,55057,49908,1
PENBAR015505749908,228887,1599,831,414,55057,49908,2
PENBAR015543449908,228318,1599,956,455,55434,49908,1
PLSCRA014104577041,229897,2000,2002,1017,41045,77041,1
PLSCRA3422052324,228867,2200,2654,1344,34220,52324,1
PLSCRA4321955768,229757,2666,1720,850,43219,55768,1
PLSCRA7011542348,228805,1600,1395,688,70115,42348,1
PLSCRA7034016354,229770,3691,2457,1273,70340,16354,1
PLSCRA7838754762,229992,2600,2802,1422,78387,54762,1
PREEAU031530125962,229662,2415,434,199,15301,25962,1
PREEAU035470124136,228483,4465,2135,1008,54701,24136,1
PREEAU035470126601,228145,3500,1778,872,54701,26601,1
PREEAU037704126601,228599,6389,2574,1260,77041,26601,1
PREEAU037977224136,228602,15102,2998,1524,79772,24136,1
PREEAU037977224136,228605,15102,2998,1524,79772,24136,2
PREEAU037977224136,228603,15102,2998,1524,79772,24136,3
PREEAU5573024151,229031,6570,2537,1252,55730,24151,1
PREEAU5573024963,229911,6162,3022,1507,55730,24963,1
PROALB017563855416,228808,2500,1842,938,75638,55416,1
QUALAK5488032055,230351,5822,2938,1491,54880,32055,1
RDOFAR5209959101,227950,5426,2104,1051,52099,59101,1
RDOFAR5209959901,M234387,3418,3086,1518,52099,59901,1
RDOFAR5209975014,227692,4349,1849,905,52099,75014,1
RDOFAR5209976164,229242,3195,1865,940,52099,76164,1
RDOFAR5209976643,228265,3995,2060,1017,52099,76643,1
RDOFAR5209978130,M235222,4584,2296,1150,52099,78130,1
RDOFAR5209978130,229007,4584,2296,1150,52099,78130,2
RDOFAR5209978130,228427,4584,2296,1150,52099,78130,3
RDOFAR5209978130,230590,4584,2296,1150,52099,78130,4
RDOFAR5209978130,228685,4584,2296,1150,52099,78130,5
RDOFAR5209978130,229609,4584,2296,1150,52099,78130,6
RDOFAR5209978660,229193,3956,2201,1100,52099,78660,1
RDOFAR5209978660,M237383,3956,2201,1100,52099,78660,2
RDOFAR5209978660,228788,3956,2201,1100,52099,78660,3
RDOFAR5209978660,229241,3956,2201,1100,52099,78660,4
RDOFAR5209978660,228100,3956,2201,1100,52099,78660,5
RDOFAR5209985040,M234612,5984,3324,1655,52099,85040,1
RDOFAR5209992040,227599,7489,3893,1969,52099,92040,1
RDOFAR5209992040,227731,7489,3893,1969,52099,92040,2
RDOFAR5209992040,227957,7489,3893,1969,52099,92040,3
RDOFAR5209992251,229006,8263,3736,1904,52099,92251,1
RDOFAR5209992501,M234880,7750,3962,1987,52099,92501,1
RDOFAR5209992501,M234038,7750,3962,1987,52099,92501,2
RDOFAR5209992501,229865,7750,3962,1987,52099,92501,3
RDOFAR5280275014,228426,4002,1739,871,52802,75014,1
REMSTA4889555033,228287,2300,1480,673,48895,55033,1
RIVAKR5537855811,228165,634,375,180,55378,55811,1
RIVAKR5537855811,228450,634,375,180,55378,55811,2
RIVAKR5537855811,227992,634,375,180,55378,55811,2
RIVAKR5537855811,228574,634,375,180,55378,55811,4
RIVAKR5537855811,229123,634,375,180,55378,55811,5
RIVAKR5537855811,229124,634,375,180,55378,55811,5
RIVAKR5537855811,228576,634,375,180,55378,55811,7
RIVAKR5537855811,228575,634,375,180,55378,55811,7
RIVAKR5537855811,230446,634,375,180,55378,55811,9
RIVAKR5537855811,230447,634,375,180,55378,55811,9
RIVWOO015156629841,229417,2100,2177,1118,51566,29841,1
RYAOVE6571153525,228885,1100,1056,504,65711,53525,1
RYAOVE6604076310,228380,1000,978,450,66040,76310,1
RYAOVE6604076310,228429,1000,978,450,66040,76310,2
RYAOVE7501943062,229425,2350,2093,1074,75019,43062,1
RYAOVE7757327401,230226,2125,2208,1131,77573,27401,1
SAVCOO5607355792,230376,700,618,294,56073,55792,1
SAVMCG015572055016,228161,663,309,147,55720,55016,1
SAVMCG015572056329,228003,534,253,112,55720,56329,1
SAVMCG015576050501,227808,1477,766,360,55760,50501,1
SAVMCG015576050501,228360,1477,766,360,55760,50501,2
SAVMCG015576055016,228001,669,364,154,55760,55016,1
SAVMCG015576055033,228159,679,371,168,55760,55033,1
SAVMCG015576055068,228002,672,351,158,55760,55068,1
SAVMCG015576055108,227809,659,340,142,55760,55108,1
SAVMCG015576055303,228361,648,311,127,55760,55303,1
SAVMCG015576055378,228366,674,372,161,55760,55378,1
SAVMCG015576055378,227807,674,372,161,55760,55378,2
SAVMCG015576055378,228157,674,372,161,55760,55378,3
SAVMCG015576055432,228363,639,269,116,55760,55432,1
SAVMCG015576056284,228158,810,469,208,55760,56284,1
SAVMCG015576056284,227810,810,469,208,55760,56284,2
SAVMCG015576056284,228365,810,469,208,55760,56284,3
SAVMCG015576056308,227806,661,334,144,55760,56308,1
SAVMCG015576056308,228359,661,334,144,55760,56308,2
SCOFOR5031858102,228811,1500,971,480,50318,58102,1
SHAWAT7704145889,229252,2200,2403,1221,77041,45889,1
SIMNAS2465155777,230418,2900,2407,1149,24651,55777,1
SMJWAH7545455379,229819,2200,1909,961,75454,55379,1
SMOWES7177051301,229693,2050,1716,890,71770,51301,1
SOMMUR7700246323,230275,1700,2107,1079,77002,46323,1
SONSAI5495655720,228567,1255,902,350,54956,55720,1
SONSAI5495655720,229118,1255,902,350,54956,55720,2
SONSAI5495655720,230641,1255,902,350,54956,55720,3
SONSAI5495655720,227479,1255,902,350,54956,55720,4
SONSAI5495655720,228566,1255,902,350,54956,55720,5
SONSAI5495655720,229468,1255,902,350,54956,55720,6
SONSAI5495655720,227478,1255,902,350,54956,55720,7
SPEEAS9173074116,228487,2700,2794,1399,91730,74116,1
SSAMOB6060754880,229909,1865,978,470,60607,54880,1
SSAMOB6060754880,228474,1865,978,470,60607,54880,2
SSAMOB6060754880,228475,1865,978,470,60607,54880,3
SSAMOB6060755124,228480,1650,872,412,60607,55124,1
SSAMOB6060756267,229202,2165,1168,570,60607,56267,1
SSAMOB6060756267,229203,2165,1168,570,60607,56267,2
SSAMOB6060756267,229208,2165,1168,570,60607,56267,3
SSAMOB6060758102,229462,2550,1546,725,60607,58102,1
SSAMOB6060758102,225911,2550,1546,725,60607,58102,2
STADAL017512037174,229253,1300,1366,692,75120,37174,1
STADAL017512038401,229254,1300,1324,681,75120,38401,1
STECHA014039179602,229144,2500,2158,1093,40391,79602,1
STFMAN013945540175,228185,1400,1187,591,39455,40175,1
STFMAN3945554729,228219,2550,2315,1142,39455,54729,1
STPROC5536955811,225223,553,339,157,55369,55811,1
STPROC5536955811,230005,553,339,157,55369,55811,2
STPROC5536955811,229916,553,339,157,55369,55811,3
STUHIL5054128202,227948,2300,2353,1154,50541,28202,1
THERAM0286458601,227677,7643,4790,2291,2864,58601,1
THERAM0286458701,229828,7590,4668,2288,2864,58701,1
THERAM0286462521,229257,3759,2490,1191,2864,62521,1
THERAM0286462521,229187,3759,2490,1191,2864,62521,2
THERAM0286463043,228978,4055,2603,1217,2864,63043,1
THERAM0286466062,228291,4792,3003,1420,2864,66062,1
THERAM0286466062,228013,4792,3003,1420,2864,66062,2
THERAM0286470047,227532,4980,3053,1512,2864,70047,1
THERAM0286470047,228458,4980,3053,1512,2864,70047,2
THERAM0286477041,228169,5984,3640,1823,2864,77041,1
THERAM0286477041,228735,5984,3640,1823,2864,77041,2
THERAM0286477053,230069,6078,3736,1850,2864,77053,1
THERAM0286477053,227781,6078,3736,1850,2864,77053,2
THERAM0286477053,227530,6078,3736,1850,2864,77053,3
THERAM0286477053,230307,6078,3736,1850,2864,77053,4
THERAM0286477053,229474,6078,3736,1850,2864,77053,5
THERAM0286477053,229955,6078,3736,1850,2864,77053,6
THERAM0286477053,228457,6078,3736,1850,2864,77053,7
THERAM0286477901,229954,6476,3904,1947,2864,77901,1
THERAM0286477901,228249,6476,3904,1947,2864,77901,2
THERAM0286478265,229667,6941,4169,2081,2864,78265,1
THERAM0286478265,228880,6941,4169,2081,2864,78265,2
THERAM0286478408,227771,6892,4182,2059,2864,78408,1
THERAM0286478737,229666,6518,3896,1986,2864,78737,1
THERAM0286479706,227243,7848,4795,2385,2864,79706,1
THERAM0286485756,228736,10988,5965,2915,2864,85756,1
THERAM0286485756,228018,10988,5965,2915,2864,85756,2
THERAM0286491702,228168,11087,6799,3365,2864,91702,1
THERAM0286492806,227767,11101,6809,3354,2864,92806,1
THERAM0286498071,227780,10463,6528,3241,2864,98071,1
THERAM0286498071,229022,10463,6528,3241,2864,98071,2
THERAM0286498071,229475,10463,6528,3241,2864,98071,3
THERAM0611807513,229321,894,351,124,6118,7513,1
THERAM0706540475,229457,2088,1447,704,7065,40475,1
THERAM0706540475,229456,2088,1447,704,7065,40475,2
THERAM0706540475,230283,2088,1447,704,7065,40475,3
THERAM0706540475,228441,2088,1447,704,7065,40475,4
THERAM0706540475,228442,2088,1447,704,7065,40475,5
THERAM1308840475,229400,2019,1452,689,13088,40475,1
THERAM2911502136,230006,3486,2195,938,29115,2136,1
THERAM2911502136,229883,3486,2195,938,29115,2136,2
THERAM2911502136,230176,3486,2195,938,29115,2136,3
THERAM2911502864,227651,3584,2162,932,29115,2864,1
THERAM2911502864,229338,3584,2162,932,29115,2864,2
THERAM2911502864,227765,3584,2162,932,29115,2864,3
THERAM2911502864,230500,3584,2162,932,29115,2864,4
THERAM2911503785,227585,4285,2533,1116,29115,3785,1
THERAM2911504457,229735,4911,2824,1263,29115,4457,1
THERAM2911504953,230137,4370,2598,1151,29115,4953,1
THERAM2911506118,227511,3157,2129,886,29115,6118,1
THERAM2911507011,228078,3185,1828,796,29115,7011,1
THERAM2911512065,229055,3300,1907,880,29115,12065,1
THERAM2911514205,228167,3140,1815,864,29115,14205,1
THERAM2911514205,227835,3140,1815,864,29115,14205,2
THERAM2911515425,229771,1883,1201,549,29115,15425,1
THERAM2911519382,228057,2477,1544,685,29115,19382,1
THERAM2911520156,228600,1823,1043,486,29115,20156,1
THERAM2911520500,229350,1877,1121,518,29115,20500,1
THERAM2911527601,228757,1084,660,245,29115,27601,1
THERAM2911532837,230205,1736,880,385,29115,32837,1
THERAM2911532920,230465,1786,839,376,29115,32920,1
THERAM2911533018,230661,2602,1215,577,29115,33018,1
THERAM2911533461,229999,2368,1122,525,29115,33461,1
THERAM2911534667,228289,1991,970,430,29115,34667,1
THERAM2911534667,228299,1991,970,430,29115,34667,2
THERAM2911538655,229725,1914,1292,619,29115,38655,1
THERAM2911539701,229976,1481,1084,509,29115,39701,1
THERAM2911543216,228796,1859,1237,572,29115,43216,1
THERAM2911546312,230491,2829,1773,850,29115,46312,1
THERAM2911550318,228878,3699,2429,1177,29115,50318,1
THERAM2911551101,228621,4413,2671,1327,29115,51101,1
THERAM2911553714,229839,3867,2238,1010,29115,53714,1
THERAM2911556401,229235,5362,3290,1629,29115,56401,1
THERAM2911556470,228017,5100,3176,1529,29115,56470,1
THERAM2911558501,227627,8064,4344,2097,29115,58501,1
THERAM2911560134,228241,3426,2152,1017,29115,60134,1
THERAM2911562521,229484,2729,1747,845,29115,62521,1
THERAM2911563043,229510,2603,1627,806,29115,63043,1
THERAM2911572209,227855,2313,1592,762,29115,72209,1
THERAM2911572209,227766,2313,1592,762,29115,72209,2
THERAM2911572761,230321,3505,2378,1170,29115,72761,1
THERAM2911573131,228881,3183,2228,1079,29115,73131,1
THERAM2911576098,227944,3820,2209,1070,29115,76098,1
THERAM2911576102,229873,3696,2099,1047,29115,76102,1
THERAM2911576208,228190,3766,2134,1055,29115,76208,1
THERAM2911577053,228686,3646,2093,1027,29115,77053,1
THERAM2911580601,227791,6394,3473,1684,29115,80601,1
THERAM2911580603,230071,6149,3342,1673,29115,80603,1
THERAM2911580603,229420,6149,3342,1673,29115,80603,2
THERAM3283740475,227626,2412,1652,806,32837,40475,1
THERAM4047502136,229965,3648,2116,951,40475,2136,1
THERAM4047502136,229581,3648,2116,951,40475,2136,2
THERAM4047502864,229964,3431,2018,934,40475,2864,1
THERAM4047502864,229318,3431,2018,934,40475,2864,2
THERAM4047502864,229046,3431,2018,934,40475,2864,3
THERAM4047503785,229174,3978,2242,1021,40475,3785,1
THERAM4047505401,228455,3501,1978,941,40475,5401,1
THERAM4047506118,228499,3095,2006,931,40475,6118,1
THERAM4047507207,228454,2715,1500,720,40475,7207,1
THERAM4047507207,230130,2715,1500,720,40475,7207,2
THERAM4047507513,230061,2853,1639,748,40475,7513,1
THERAM4047511801,227826,3182,1693,752,40475,11801,1
THERAM4047519113,229582,2219,1361,646,40475,19113,1
THERAM4047534482,229966,2727,1460,731,40475,34482,1
THERAM4047536580,228011,3163,1808,854,40475,36580,1
THERAM4047544105,229175,1700,1081,508,40475,44105,1
THERAM4047555337,229320,2649,1760,841,40475,55337,1
THERAM4047555337,229168,2649,1760,841,40475,55337,2
THERAM4047559102,230060,6087,3589,1788,40475,59102,1
THERAM4047559102,229599,6087,3589,1788,40475,59102,2
THERAM4047559901,228500,8211,4475,2181,40475,59901,1
THERAM4047559901,229172,8211,4475,2181,40475,59901,2
THERAM4047560431,228290,1827,1007,458,40475,60431,1
THERAM4047560617,227981,1553,970,412,40475,60617,1
THERAM4047563043,227678,1312,833,386,40475,63043,1
THERAM4047567880,230203,3806,2254,1067,40475,67880,1
THERAM4047570001,227679,2661,1642,787,40475,70001,1
THERAM4047570047,227983,2668,1633,790,40475,70047,1
THERAM4047570047,227824,2668,1633,790,40475,70047,2
THERAM4047570047,227825,2668,1633,790,40475,70047,3
THERAM4047587109,228288,5360,2905,1409,40475,87109,1
THERAM4823407513,227159,2100,1267,607,48234,7513,1
THERAM4823440475,228702,1107,781,376,48234,40475,1
THERAM4823440475,229399,1107,781,376,48234,40475,2
THERAM9345613905,227945,9645,5868,2919,93456,13905,1
THERAM9345619950,229130,9579,6103,3076,93456,19950,1
THERAM9345630340,229433,7342,4729,2422,93456,30340,1
THERAM9345637411,228411,6825,4508,2298,93456,37411,1
THERAM9345637411,228412,6825,4508,2298,93456,37411,2
THERAM9345643062,227946,7353,5045,2536,93456,43062,1
THERAM9345643062,229635,7353,5045,2536,93456,43062,2
THERAM9345643062,228226,7353,5045,2536,93456,43062,3
THERAM9345643062,228224,7353,5045,2536,93456,43062,4
THERAM9345650318,229899,5421,3569,1850,93456,50318,1
THERAM9345652501,228812,6118,3868,1932,93456,52501,1
THERAM9345659102,229435,5484,2812,1409,93456,59102,1
THERAM9345660088,228227,7168,4718,2346,93456,60088,1
THERAM9345660804,229632,6523,4312,2192,93456,60804,1
THERAM9345670001,229127,6168,4042,2057,93456,70001,1
THERAM9345670079,228969,6192,4054,2065,93456,70079,1
THERAM9345670083,228813,6359,4272,2162,93456,70083,1
THERAM9345670083,229630,6359,4272,2162,93456,70083,2
THERAM9345670083,228107,6359,4272,2162,93456,70083,3
THERAM9345676164,229434,5286,3391,1724,93456,76164,1
THERAM9345677041,228229,5449,3571,1793,93456,77041,1
THERAM9345677041,229900,5449,3571,1793,93456,77041,2
THERAM9345677041,227623,5449,3571,1793,93456,77041,3
THERAM9345677053,229775,5626,3683,1852,93456,77053,1
THERAM9345678265,227502,4688,3110,1550,93456,78265,1
THERAM9345684056,230229,3372,1882,952,93456,84056,1
THERAM9345684056,227751,3372,1882,952,93456,84056,2
THERAM9345684056,228691,3372,1882,952,93456,84056,3
THERAM9345684631,228970,2785,1438,717,93456,84631,1
THERAM9582793456,228590,1615,690,340,95827,93456,1
TLDKNO2836443460,229114,1400,1316,638,28364,43460,1
TMCDES4460849010,228177,950,680,313,44608,49010,1
TMCDES4500555416,228405,2000,1452,708,45005,55416,1
TMCDES5110152403,230545,750,576,272,51101,52403,1
TMCDES5493537813,229401,1500,1476,709,54935,37813,1
TMCDES6463308093,227814,2500,2389,1105,64633,8093,1
TOWLIT011290155355,228988,2500,2853,1380,12901,55355,1
TQLLOU010204844060,230821,1500,1347,619,2048,44060,1
TQLLOU013540129936,230686,1000,948,476,35401,29936,1
TQLLOU014543470083,230508,1850,1859,894,45434,70083,1
TQLLOU014636040507,228861,1000,748,363,46360,40507,1
TQLLOU016314353913,230199,850,843,407,63143,53913,1
TQLLOU016850731036,229170,1950,2330,1164,68507,31036,1
TQLLOU017072335904,228141,900,935,453,70723,35904,1
TQLLOU017411658801,228883,3400,2419,1218,74116,58801,1
TQLLOU017411677053,228900,850,1063,514,74116,77053,1
TQLLOU017670237916,229689,4200,3736,1887,76702,37916,1
TQLLOU018242619520,229847,3550,3969,1965,82426,19520,1
TQLLOU018243175974,227520,2500,2974,1494,82431,75974,1
TQLLOU019062270668,228463,2300,3277,1660,90622,70668,1
TQLLOU019823303304,228076,6000,6284,3082,98233,3304,1
TRACHI024108573131,229855,2100,1795,859,41085,73131,1
TRICHA018500393292,227949,800,1134,553,85003,93292,1
TRICHA018500393456,228785,900,1083,538,85003,93456,1
TRISAI025503355720,230353,715,329,154,55033,55720,1
TRISEA1810629071,229993,1600,1406,692,18106,29071,1
TRISEA5930154130,228852,1700,1915,977,59301,54130,1
TRISEA5930154130,230539,1700,1915,977,59301,54130,2
TRISEA6041070141,228223,1800,1795,902,60410,70141,1
TRISEA7705353718,229336,2200,2248,1149,77053,53718,1
TRISEA7705353718,229353,2200,2248,1149,77053,53718,2
TRISEA7705353718,229289,2200,2248,1149,77053,53718,3
TRISEA7705353718,229287,2200,2248,1149,77053,53718,4
TRISEA7705353718,229286,2200,2248,1149,77053,53718,5
TRISEA7705353718,229288,2200,2248,1149,77053,53718,6
TRISEA7705353718,229436,2200,2248,1149,77053,53718,7
TRUWES5544961818,230544,1550,1011,504,55449,61818,1
TRUWES5544961818,229625,1550,1011,504,55449,61818,2
TRUWES5810255449,228115,600,749,238,58102,55449,1
TWIMIN0520190209,229448,7200,6035,3055,5201,90209,1
TWOTWO5561604938,229162,5400,3503,1686,55616,4938,1
TWOTWO5561632055,228421,4545,2988,1505,55616,32055,1
TWOTWO5561665775,228771,2793,1777,893,55616,65775,1
UNIBIR011476030297,229209,1900,1689,844,14760,30297,1
UNIHIC5472955810,228968,465,323,148,54729,55810,1
USGELP5572002375,228897,5733,3242,1481,55720,2375,1
USGELP5572002703,228342,5928,3311,1504,55720,2703,1
USGELP5572002703,229343,5928,3311,1504,55720,2703,2
USGELP5572013206,229850,4559,2510,1163,55720,13206,1
USGELP5572013206,230341,4559,2510,1163,55720,13206,2
USGELP5572013206,228763,4559,2510,1163,55720,13206,3
USGELP5572013850,228183,4650,2532,1187,55720,13850,1
USGELP5572014621,228044,4304,2382,1089,55720,14621,1
USGELP5572014621,228668,4304,2382,1089,55720,14621,2
USGELP5572014621,230194,4304,2382,1089,55720,14621,3
VALHUD5650155811,225187,575,453,200,56501,55811,1
VALHUD5650155811,227905,575,453,200,56501,55811,2
VEIROG5510846802,229416,1700,1155,565,55108,46802,1
VICROS5488056649,229028,1200,381,170,54880,56649,1
VIKEDE4122455718,229086,2400,2038,990,41224,55718,1
VIKEDE4221155718,228490,2325,1760,887,42211,55718,1
VIKEDE4221155718,228959,2325,1760,887,42211,55718,2
VIKEDE4246455718,228030,2200,1706,848,42464,55718,1
VIKEDE4565155718,228418,2000,1878,892,45651,55718,1
VIKEDE4861755718,228282,1733,1186,591,48617,55718,1
VIKEDE4861755718,228523,1733,1186,591,48617,55718,2
VIKEDE4861755718,229621,1733,1186,591,48617,55718,3
VIKEDE5575355306,230027,700,536,255,55753,55306,1
VIKEDE5575355306,230934,700,536,255,55753,55306,2
VIKEDE6244255718,229210,1850,1360,672,62442,55718,1
VIKEDE6244255718,228679,1850,1360,672,62442,55718,2
VIKEDE6395055718,229722,2175,1586,807,63950,55718,1
VIKEDE6395055718,229332,2175,1586,807,63950,55718,2
VIKEDE7704155369,228746,2400,2376,1202,77041,55369,1
VIKEDE7704175033,230197,750,581,276,77041,75033,1
VIKMAP5536955720,228007,475,375,140,55369,55720,1
VIKMAP5536955720,230449,475,375,140,55369,55720,2
VIKMAP5536955720,228374,475,375,140,55369,55720,3
VIKMAP5536955720,229450,475,375,140,55369,55720,4
WARWAT0305140210,230042,1650,2036,976,3051,40210,1
WASGAH5506849506,229542,1400,1306,641,55068,49506,1
WATJON2430129142,230181,800,613,304,24301,29142,1
WATSPR7011515907,228146,2400,2260,1127,70115,15907,1
WELDEP8142577002,228996,1700,2231,1131,81425,77002,1
WHIORL4740455330,229125,1725,1356,664,47404,55330,1
WHIORL4740456304,227975,2300,1790,819,47404,56304,1
WHIORL5502155811,227872,650,445,202,55021,55811,1
WHIORL5535255811,227875,650,438,191,55352,55811,1
WHIORL5535355811,229642,600,325,161,55353,55811,1
WHIORL5537955811,228625,600,368,174,55379,55811,1
WHIORL5537955811,229555,600,368,174,55379,55811,2
WHIORL5990155806,228277,2200,2637,1315,59901,55806,1
WHIORL6843054303,227995,2475,1808,865,68430,54303,1
WHIORL8011055806,229467,2045,2070,1063,80110,55806,1
WILMCG018432155760,229698,2595,2497,1275,84321,55760,1
WILOVE1281629532,230669,1500,1690,814,12816,29532,1
WILOVE6606294533,229080,3700,3474,1775,66062,94533,1
WORURB4410550158,229058,1500,1387,642,44105,50158,1
WORURB5015854220,228776,800,760,371,50158,54220,1
WORURB5050155777,230583,1500,844,410,50501,55777,1
WORURB6407729579,228578,2300,2205,1121,64077,29579,1
WORURB6870155107,230231,850,728,363,68701,55107,1
WORURB6870156201,228884,800,653,311,68701,56201,1
WORURB7142251342,228468,2450,1924,984,71422,51342,1
ZIEBLO5000955327,229238,1350,539,273,50009,55327,1
ZIEBLO5050155806,229906,1800,728,367,50501,55806,1
CATBID3650577530,0128CAT1,1135,918,456,36505,77530,1
CATBID3650577530,0128CAT2,1135,918,456,36505,77530,2
CATBID6161131401,0216CAT1,2115,1834,940,61611,31401,1
CATBID6161131401,0216CAT2,2115,1834,940,61611,31401,2
CATBID6161131401,0216CAT3,2115,1834,940,61611,31401,3
CATBID6161131401,0216CAT4,2115,1834,940,61611,31401,4
CATBID6161131401,0217CAT1,4221,1834,940,61611,31401,1
CATBID6161131401,0217CAT2,4221,1834,940,61611,31401,2
CATBID6252121201,0234CAT1,1900,1483,745,62521,21201,1
CATBID6161121201,0244CAT1,1938,1551,811,61611,21201,1
CATBID6161121201,0244CAT2,1938,1551,811,61611,21201,2
CATBID6161121201,0244CAT3,1938,1551,811,61611,21201,3
CATBID6161121201,0244CAT4,1938,1551,811,61611,21201,4
CATBID6161121201,0244CAT5,1938,1551,811,61611,21201,5
CATBID6161121201,0244CAT6,1938,1551,811,61611,21201,6
CATBID6161121201,0244CAT7,1938,1551,811,61611,21201,7
CATBID6161121201,0244CAT8,1938,1551,811,61611,21201,8
CATBID6161121201,0245CAT1,3966,1551,811,61611,21201,1
CATBID6161121201,0245CAT2,3966,1551,811,61611,21201,2
CATBID6161121201,0245CAT3,3966,1551,811,61611,21201,3
CATBID6161121201,0245CAT4,3966,1551,811,61611,21201,4
CATBID6161121201,0245CAT5,3966,1551,811,61611,21201,5
CATBID6161121201,0245CAT6,3966,1551,811,61611,21201,6
CATBID6161121201,0245CAT7,3966,1551,811,61611,21201,7
CATBID6161121201,0245CAT8,3966,1551,811,61611,21201,8
CATBID6252129401,0251CAT1,1946,1744,901,62521,29401,1
CATBID6252129401,0251CAT2,1946,1744,901,62521,29401,2
CATBID6000777501,0265CAT1,2433,2231,1101,60007,77501,1
CATBID6000777501,0265CAT2,2433,2231,1101,60007,77501,2
CATBID6161177501,0270CAT1,2178,1910,951,61611,77501,1
CATBID3140146901,0493CAT1,1544,1639,780,31401,46901,1
CATBID7790132701,0495CAT1,1875,2121,1008,77901,32701,1
CATBID7790132701,0495CAT2,1875,2121,1008,77901,32701,2
CATBID7514730213,0537CAT1,1348,1455,745,75147,30213,1
CATBID1725730002,0551CAT1,1275,1285,664,17257,30002,1
CATBID1725730002,0551CAT2,1275,1285,664,17257,30002,2
CATBID7790130002,0556CAT1,1641,1836,922,77901,30002,1
CATBID7790130002,0556CAT2,1641,1836,922,77901,30002,2
CATBID7790131701,0572CAT1,1895,1797,1053,77901,31701,1
CATBID2733052301,0577CAT1,1790,1965,918,27330,52301,1
CATBID2733052301,0577CAT2,1790,1965,918,27330,52301,2
CATBID2733052301,0577CAT3,1790,1965,918,27330,52301,3
CATBID2733052301,0577CAT4,1790,1965,918,27330,52301,4
CATBID2120152301,0578CAT1,1732,2012,936,21201,52301,1
CATBID2120152301,0578CAT2,1732,2012,936,21201,52301,2
CATBID2120152301,0581CAT1,3557,2012,936,21201,52301,1
CATBID1725752301,0582CAT1,1463,1894,750,17257,52301,1
CATBID9810151101,0589CAT1,5976,3054,1784,98101,51101,1
CATBID3140148901,0597CAT1,1870,1836,899,31401,48901,1
CATBID2120160101,0615CAT1,1420,1657,728,21201,60101,1
CATBID2120160101,0619CAT1,2759,1657,728,21201,60101,1
CATBID1725760101,0620CAT1,1592,1537,825,17257,60101,1
CATBID7790160101,0622CAT1,4854,2432,1264,77901,60101,1
CATBID6654762501,0654CAT1,967,882,456,66547,62501,1
CATBID2733046901,0677CAT1,1328,1342,648,27330,46901,1
CATBID2733046901,0677CAT2,1328,1342,648,27330,46901,2
CATBID2733046901,0677CAT3,1328,1342,648,27330,46901,3
CATBID2733046901,0677CAT4,1328,1342,648,27330,46901,4
CATBID2120146901,0679CAT1,1194,1200,603,21201,46901,1
CATBID1725746901,0686CAT1,986,1146,503,17257,46901,1
CATBID1725746901,0686CAT2,986,1146,503,17257,46901,2
CATBID2733047102,0691CAT1,1157,1125,538,27330,47102,1
CATBID2733047102,0691CAT2,1157,1125,538,27330,47102,2
CATBID3060140003,0718CAT1,1017,885,442,30601,40003,1
CATBID3060140003,0718CAT2,1017,885,442,30601,40003,2
CATBID3060140003,0718CAT3,1017,885,442,30601,40003,3
CATBID3060140003,0718CAT4,1017,885,442,30601,40003,4
CATBID3060140003,0718CAT5,1017,885,442,30601,40003,5
CATBID2733040003,0720CAT1,1162,1054,590,27330,40003,1
CATBID2733040003,0720CAT2,1162,1054,590,27330,40003,2
CATBID2733040003,0720CAT3,1162,1054,590,27330,40003,3
CATBID2733040003,0720CAT4,1162,1054,590,27330,40003,4
CATBID2733040003,0720CAT5,1162,1054,590,27330,40003,5
CATBID3140140003,0722CAT1,1364,1248,583,31401,40003,1
CATBID2120140003,0724CAT1,1368,1146,622,21201,40003,1
CATBID2120140003,0724CAT2,1368,1146,622,21201,40003,2
CATBID7511061125,0752CAT1,1782,1926,963,75110,61125,1
CATBID5630120101,0781CAT1,2235,2623,1146,56301,20101,1
CATBID7790120101,0783CAT1,2801,2953,1556,77901,20101,1
CATBID3060120101,0784CAT1,5955,1086,1527,30601,20101,1
CATBID3060148901,0790CAT1,1706,1553,758,30601,48901,1
CATBID3060148901,0790CAT2,1706,1553,758,30601,48901,2
CATBID3060148901,0790CAT3,1706,1553,758,30601,48901,3
CATBID3060148901,0790CAT4,1706,1553,758,30601,48901,4
CATBID3060148901,0790CAT5,1706,1553,758,30601,48901,5
CATBID2120148901,0798CAT1,1249,1280,543,21201,48901,1
CATBID2120148901,0798CAT2,1249,1280,543,21201,48901,2
CATBID7790149201,0807CAT1,5982,2664,1477,77901,49201,1
CATBID7790149201,0807CAT2,5982,2664,1477,77901,49201,2
CATBID3060149201,0813CAT1,1760,1432,838,30601,49201,1
CATBID2733049201,0816CAT1,1421,1289,652,27330,49201,1
CATBID2733049201,0816CAT2,1421,1289,652,27330,49201,2
CATBID2120149201,0819CAT1,1956,1157,516,21201,49201,1
CATBID2733056601,0822CAT1,2993,2824,1432,27330,56601,1
CATBID2733056601,0822CAT2,2993,2824,1432,27330,56601,2
CATBID2733056601,0822CAT3,2993,2824,1432,27330,56601,3
CATBID2733056601,0822CAT4,2993,2824,1432,27330,56601,4
CATBID2733056601,0822CAT5,2993,2824,1432,27330,56601,5
CATBID3060156001,0823CAT1,2663,2185,1250,30601,56001,1
CATBID3060156001,0823CAT2,2663,2185,1250,30601,56001,2
CATBID2733056001,0825CAT1,2608,2480,1272,27330,56001,1
CATBID2733056001,0825CAT2,2608,2480,1272,27330,56001,2
CATBID2733056001,0825CAT3,2608,2480,1272,27330,56001,3
CATBID2733056001,0825CAT4,2608,2480,1272,27330,56001,4
CATBID2733056001,0825CAT5,2608,2480,1272,27330,56001,5
CATBID2733056001,0825CAT6,2608,2480,1272,27330,56001,6
CATBID2733056001,0825CAT7,2608,2480,1272,27330,56001,7
CATBID2733056001,0825CAT8,2608,2480,1272,27330,56001,8
CATBID2120156001,0830CAT1,2205,2486,1125,21201,56001,1
CATBID2120156001,0830CAT2,2205,2486,1125,21201,56001,2
CATBID5630156001,0833CAT1,50,340,25,56301,56001,1
CATBID5630156001,0833CAT2,50,340,25,56301,56001,2
CATBID1725756001,0834CAT1,2070,2366,1078,17257,56001,1
CATBID1725756001,0834CAT2,2070,2366,1078,17257,56001,2
CATBID1725756001,0834CAT3,2070,2366,1078,17257,56001,3
CATBID7750156001,0835CAT1,2255,2268,1219,77501,56001,1
CATBID9810156001,0840CAT1,4533,3215,1685,98101,56001,1
CATBID9810156001,0841CAT1,5055,3215,1685,98101,56001,1
CATBID7790156001,0843CAT1,2219,2384,1233,77901,56001,1
CATBID7790156001,0844CAT1,4661,2384,1233,77901,56001,1
CATBID7790156001,0844CAT2,4661,2384,1233,77901,56001,2
CATBID7670256001,0845CAT1,1972,1934,1066,76702,56001,1
CATBID6252127301,0898CAT1,1514,1480,757,62521,27301,1
CATBID6161127301,0909CAT1,1644,1549,802,61611,27301,1
CATBID1725727301,0918CAT1,771,736,367,17257,27301,1
CATBID1725727301,0918CAT2,771,736,367,17257,27301,2
CATBID2120149201,0919CAT1,1109,1157,516,21201,49201,1
CATBID7790127301,0922CAT1,2180,2467,1172,77901,27301,1
CATBID7790127301,0922CAT2,2180,2467,1172,77901,27301,2
CATBID7750158401,0925CAT1,2396,2851,1369,77501,58401,1
CATBID7750158401,0925CAT2,2396,2851,1369,77501,58401,2
CATBID7750158401,0925CAT3,2396,2851,1369,77501,58401,3
CATBID7750158401,0925CAT4,2396,2851,1369,77501,58401,4
CATBID7750158401,0925CAT5,2396,2851,1369,77501,58401,5
CATBID7757158401,0926CAT1,2379,2861,1344,77571,58401,1
CATBID2733058401,0927CAT1,3584,3078,1629,27330,58401,1
CATBID2733058401,0927CAT2,3584,3078,1629,27330,58401,2
CATBID2733058401,0927CAT3,3584,3078,1629,27330,58401,3
CATBID2733058401,0927CAT4,3584,3078,1629,27330,58401,4
CATBID7705258401,0929CAT1,2754,2796,1324,77052,58401,1
CATBID9810158401,0933CAT1,2613,2578,1340,98101,58401,1
CATBID7670258401,0936CAT1,2308,2490,1115,76702,58401,1
CATBID7790108801,0965CAT1,3038,3363,1688,77901,8801,1
CATBID7790108801,0965CAT2,3038,3363,1688,77901,8801,2
CATBID7750156301,0989CAT1,2239,2551,1244,77501,56301,1
CATBID7750156301,0989CAT2,2239,2551,1244,77501,56301,2
CATBID7750132701,0994CAT1,1620,1865,810,77501,32701,1
CATBID7220143201,1031CAT1,2517,1416,682,72201,43201,1
CATBID7790143201,1048CAT1,2765,2508,1418,77901,43201,1
CATBID7790143201,1048CAT2,2765,2508,1418,77901,43201,2
CATBID7790143201,1049CAT1,5672,2508,1418,77901,43201,1
CATBID7750161501,1082CAT1,1666,1930,952,77501,61501,1
CATBID7750161501,1082CAT2,1666,1930,952,77501,61501,2
CATBID7750161501,1082CAT3,1666,1930,952,77501,61501,3
CATBID7750161501,1082CAT4,1666,1930,952,77501,61501,4
CATBID7750161501,1082CAT5,1666,1930,952,77501,61501,5
CATBID7790119501,1100CAT1,3259,3228,1715,77901,19501,1
CATBID7790119501,1100CAT2,3259,3228,1715,77901,19501,2
CATBID7790115701,1117CAT1,2876,2996,1475,77901,15701,1
CATBID7790115701,1117CAT2,2876,2996,1475,77901,15701,2
CATBID7790129101,1142CAT1,1996,2232,1147,77901,29101,1
CATBID7750137101,1160CAT1,1468,1654,753,77501,37101,1
CATBID6161176621,1216CAT1,2173,1756,949,61611,76621,1
CATBID6161176621,1216CAT2,2173,1756,949,61611,76621,2
CATBID7750154701,1225CAT1,2277,2512,1231,77501,54701,1
CATBID1725776621,1235CAT1,2820,2799,1410,17257,76621,1
CATBID1725776621,1235CAT2,2820,2799,1410,17257,76621,2
CATBID9810191701,1275CAT1,2798,2258,1119,98101,91701,1
CATBID9810191701,1275CAT2,2798,2258,1119,98101,91701,2
CATBID7757324011,1317CAT1,5075,2328,1194,77573,24011,1
CATBID7757324011,1317CAT2,5075,2328,1194,77573,24011,2
CATBID7757324011,1317CAT3,5075,2328,1194,77573,24011,3
CATBID7757324011,1317CAT4,5075,2328,1194,77573,24011,4
CATBID7757324011,1317CAT5,5075,2328,1194,77573,24011,5
CATBID7790124011,1323CAT1,2461,2572,1323,77901,24011,1
CATBID7790124011,1323CAT2,2461,2572,1323,77901,24011,2
CATBID7790124011,1323CAT3,2461,2572,1323,77901,24011,3
CATBID9810157501,1328CAT1,2999,2558,1538,98101,57501,1
CATBID2733054701,1358CAT1,1972,2252,976,27330,54701,1
CATBID2733054701,1358CAT2,1972,2252,976,27330,54701,2
CATBID2733054701,1358CAT3,1972,2252,976,27330,54701,3
CATBID2733054701,1358CAT4,1972,2252,976,27330,54701,4
CATBID7790154701,1368CAT1,2356,2630,1309,77901,54701,1
CATBID2733054301,1380CAT1,2136,2025,1068,27330,54301,1
CATBID2733054301,1380CAT2,2136,2025,1068,27330,54301,2